"sku","_store","_attribute_set","_type","_category","_product_websites","name","image","small_image","thumbnail","_additional_image","_additional_image_label","qty","min_qty","use_config_min_qty","is_qty_decimal","backorders","use_config_backorders","min_sale_qty","use_config_min_sale_qty","max_sale_qty","use_config_max_sale_qty","is_in_stock","notify_stock_qty","use_config_notify_stock_qty","manage_stock","use_config_manage_stock","use_config_qty_increments","qty_increments","use_config_enable_qty_increments","enable_qty_increments","_giftcard_amounts_website","_giftcard_amounts_amount","_links_related_sku","_links_related_position","_links_crosssell_sku","_links_crosssell_position","_links_upsell_sku","_links_upsell_position","_associated_sku","_associated_default_qty","_associated_position","_tier_price_website","_tier_price_customer_group","_tier_price_qty","_tier_price_price","_custom_option_store","_custom_option_type","_custom_option_title","_custom_option_is_required","_custom_option_price","_custom_option_sku","_custom_option_max_characters","_custom_option_sort_order","_custom_option_row_title","_custom_option_row_price","_custom_option_row_sku","_custom_option_row_sort"
"1049","","pulseras","simple","Pulseras","base","2 Nudos Plata.  Ref.1049","/2/_/2_nudos-plata_ref.1049.jpg","/2/_/2_nudos-plata_ref.1049.jpg","/2/_/2_nudos-plata_ref.1049.jpg","/a/p/aparejos_web_blanco_030.jpg","","0.0000","0.0000","1","0","0","1","1.0000","1","0.0000","1","0","","1","0","1","1","0.0000","1","0","","","","","","","","","","","","","","","","","","","","","","","","","","",""
"1067","","pulseras","simple","Pulseras","base","Almadraba.  Ref.1067","/a/l/almadraba_ref.1067.jpg","/a/l/almadraba_ref.1067.jpg","/a/l/almadraba_ref.1067.jpg","","","0.0000","0.0000","1","0","0","1","1.0000","1","0.0000","1","0","","1","0","1","1","0.0000","1","0","","","","","","","","","","","","","","","","","","","","","","","","","","",""
"1038","","pulseras","simple","Pulseras","base","Bahia.  Ref.1038","/2/0/2011_mayo_025.jpg","/2/0/2011_mayo_025.jpg","/2/0/2011_mayo_025.jpg","/b/a/bahia_ref.1038.jpg","","0.0000","0.0000","1","0","0","1","1.0000","1","0.0000","1","0","","1","0","1","1","0.0000","1","0","","","","","","","","","","","","","","","","","","","","","","","","","","",""
"1009","","pulseras","simple","Pulseras","base","Banus.  Ref.1009","/b/a/ban_s_ref.1009_1.jpg","/b/a/ban_s_ref.1009_1.jpg","/b/a/ban_s_ref.1009_1.jpg","/a/p/aparejos_web_blanco_079.jpg","","0.0000","0.0000","1","0","0","1","1.0000","1","0.0000","1","0","","1","0","1","1","0.0000","1","0","","","","","","","","","","","","","","","","","","","","","","","","","","",""
"1016","","pulseras","simple","Pulseras","base","Bolonia.  Ref.1016","/b/o/bolonia_ref.1016_1_1.jpg","/b/o/bolonia_ref.1016_1_1.jpg","/b/o/bolonia_ref.1016_1_1.jpg","/a/p/aparejos_web_blanco_013_1.jpg","","0.0000","0.0000","1","0","0","1","1.0000","1","0.0000","1","0","","1","0","1","1","0.0000","1","0","","","","","","","","","","","","","","","","","","","","","","","","","","",""
"","","","","","","","","","","/a/p/aparejos_web_blanco_015_1.jpg","","","","","","","","","","","","","","","","","","","","","","","","","","","","","","","","","","","","","","","","","","","","","","",""
"","","","","","","","","","","/2/0/2011_enero_181.jpg","","","","","","","","","","","","","","","","","","","","","","","","","","","","","","","","","","","","","","","","","","","","","","",""
"1100","","pulseras","simple","Pulseras","base","Brazalete brazo.  Ref.1100","/b/r/brazalete_brazo_ref.1100.jpg","/b/r/brazalete_brazo_ref.1100.jpg","/b/r/brazalete_brazo_ref.1100.jpg","","","0.0000","0.0000","1","0","0","1","1.0000","1","0.0000","1","0","","1","0","1","1","0.0000","1","0","","","","","","","","","","","","","","","","","","","","","","","","","","",""
"1077","","pulseras","simple","Pulseras","base","Brazalete trenza y cuero.  Ref.1077","/r/e/ref.1077-1.jpg","/r/e/ref.1077-1.jpg","/r/e/ref.1077-1.jpg","","","0.0000","0.0000","1","0","0","1","1.0000","1","0.0000","1","0","","1","0","1","1","0.0000","1","0","","","","","","","","","","","","","","","","","","","","","","","","","","",""
"1032","","pulseras","simple","Pulseras","base","Buda cuero.  Ref.1032","/b/u/buda-cuero_ref.1032_1.jpg","/b/u/buda-cuero_ref.1032_1.jpg","/b/u/buda-cuero_ref.1032_1.jpg","/a/p/aparejos_web_blanco_112_1.jpg","","0.0000","0.0000","1","0","0","1","1.0000","1","0.0000","1","0","","1","0","1","1","0.0000","1","0","","","","","","","","","","","","","","","","","","","","","","","","","","",""
"1014","","pulseras","simple","Pulseras","base","Cadiz.  Ref.1014","/m/o/mod.c_diz_ref.1014_1_1.jpg","/m/o/mod.c_diz_ref.1014_1_1.jpg","/m/o/mod.c_diz_ref.1014_1_1.jpg","/a/p/aparejos_web_blanco_119_1.jpg","","0.0000","0.0000","1","0","0","1","1.0000","1","0.0000","1","0","","1","0","1","1","0.0000","1","0","","","","","","","","","","","","","","","","","","","","","","","","","","",""
"1025","","pulseras","simple","Pulseras","base","Cala Chica.  Ref.1025","/c/a/cala_chicaref.1025.jpg","/c/a/cala_chicaref.1025.jpg","/c/a/cala_chicaref.1025.jpg","/a/p/aparejos_web_blanco_023_1.jpg","","0.0000","0.0000","1","0","0","1","1.0000","1","0.0000","1","0","","1","0","1","1","0.0000","1","0","","","","","","","","","","","","","","","","","","","","","","","","","","",""
"1018","","pulseras","simple","Pulseras","base","Cortadura.  Ref.1018","/c/o/cortaduraref.1018.jpg","/c/o/cortaduraref.1018.jpg","/c/o/cortaduraref.1018.jpg","/a/p/aparejos_web_blanco_181.jpg","","0.0000","0.0000","1","0","0","1","1.0000","1","0.0000","1","0","","1","0","1","1","0.0000","1","0","","","","","","","","","","","","","","","","","","","","","","","","","","",""
"1045","","pulseras","simple","Pulseras","base","Duna.  Ref.1045","/d/u/duna_ref.1045_1.jpg","/d/u/duna_ref.1045_1.jpg","/d/u/duna_ref.1045_1.jpg","","","0.0000","0.0000","1","0","0","1","1.0000","1","0.0000","1","0","","1","0","1","1","0.0000","1","0","","","","","","","","","","","","","","","","","","","","","","","","","","",""
"1080","","pulseras","simple","Pulseras","base","El Muelle.  Ref.1080","/e/l/el_muelle_ref.1080_1.jpg","/e/l/el_muelle_ref.1080_1.jpg","/e/l/el_muelle_ref.1080_1.jpg","","","0.0000","0.0000","1","0","0","1","1.0000","1","0.0000","1","0","","1","0","1","1","0.0000","1","0","","","","","","","","","","","","","","","","","","","","","","","","","","",""
"1039","","pulseras","simple","Pulseras","base","El Palmar.  Ref.1039","/m/o/mod._el_palmar_24e_ref.1039.jpg","/m/o/mod._el_palmar_24e_ref.1039.jpg","/m/o/mod._el_palmar_24e_ref.1039.jpg","/c/i/cierre_garfio_7.jpg","","0.0000","0.0000","1","0","0","1","1.0000","1","0.0000","1","0","","1","0","1","1","0.0000","1","0","","","","","","","","","","","","","","","","","","","","","","","","","","",""
"","","","","","","","","","","/a/p/aparejos_web_blanco_087.jpg","","","","","","","","","","","","","","","","","","","","","","","","","","","","","","","","","","","","","","","","","","","","","","",""
"1052","","pulseras","simple","Pulseras","base","El Puerto 14.  Ref.1052","/e/l/el_puerto_14_piezas_ref.1052.jpg","/e/l/el_puerto_14_piezas_ref.1052.jpg","/e/l/el_puerto_14_piezas_ref.1052.jpg","","","0.0000","0.0000","1","0","0","1","1.0000","1","0.0000","1","0","","1","0","1","1","0.0000","1","0","","","","","","","","","","","","","","","","","","","","","","","","","","",""
"1033","","pulseras","simple","Pulseras","base","El Puerto Conil.  Ref.1033","/e/l/el_puerto_conil_ref_1033.jpg","/e/l/el_puerto_conil_ref_1033.jpg","/e/l/el_puerto_conil_ref_1033.jpg","/a/p/aparejos_web_blanco_196.jpg","","0.0000","0.0000","1","0","0","1","1.0000","1","0.0000","1","0","","1","0","1","1","0.0000","1","0","","","","","","","","","","","","","","","","","","","","","","","","","","",""
"","","","","","","","","","","/a/p/aparejos_web_blanco_190_1.jpg","","","","","","","","","","","","","","","","","","","","","","","","","","","","","","","","","","","","","","","","","","","","","","",""
"1053","","pulseras","simple","Pulseras","base","El Puerto.  Ref.1053","/e/l/el_puerto_ref.1053._1.jpg","/e/l/el_puerto_ref.1053._1.jpg","/e/l/el_puerto_ref.1053._1.jpg","","","0.0000","0.0000","1","0","0","1","1.0000","1","0.0000","1","0","","1","0","1","1","0.0000","1","0","","","","","","","","","","","","","","","","","","","","","","","","","","",""
"1054","","pulseras","simple","Pulseras","base","El Puerto XL.  Ref.1054","/e/l/el_puerto_xl_ref.1054.jpg","/e/l/el_puerto_xl_ref.1054.jpg","/e/l/el_puerto_xl_ref.1054.jpg","","","0.0000","0.0000","1","0","0","1","1.0000","1","0.0000","1","0","","1","0","1","1","0.0000","1","0","","","","","","","","","","","","","","","","","","","","","","","","","","",""
"1086","","pulseras","simple","Pulseras","base","El Tablao.  Ref.1086","/e/l/el_tablao_ref.1086.jpg","/e/l/el_tablao_ref.1086.jpg","/e/l/el_tablao_ref.1086.jpg","","","0.0000","0.0000","1","0","0","1","1.0000","1","0.0000","1","0","","1","0","1","1","0.0000","1","0","","","","","","","","","","","","","","","","","","","","","","","","","","",""
"1063","","pulseras","simple","Pulseras","base","Emerillon Triple.  Ref.1063","/e/m/emerillon-triple_ref.1063.jpg","/e/m/emerillon-triple_ref.1063.jpg","/e/m/emerillon-triple_ref.1063.jpg","","","0.0000","0.0000","1","0","0","1","1.0000","1","0.0000","1","0","","1","0","1","1","0.0000","1","0","","","","","","","","","","","","","","","","","","","","","","","","","","",""
"1107","","pulseras","simple","Pulseras","base","Ensenada.  Ref.1107","/2/0/2011_marzo_aparejos_-_055_1.jpg","/2/0/2011_marzo_aparejos_-_055_1.jpg","/2/0/2011_marzo_aparejos_-_055_1.jpg","/2/0/2011_marzo_aparejos_-_056.jpg","","0.0000","0.0000","1","0","0","1","1.0000","1","0.0000","1","0","","1","0","1","1","0.0000","1","0","","","","","","","","","","","","","","","","","","","","","","","","","","",""
"1029","","pulseras","simple","Pulseras","base","Eslabones.  Ref.1029","/e/s/eslabones_ref.1029_.jpg","/e/s/eslabones_ref.1029_.jpg","/e/s/eslabones_ref.1029_.jpg","/e/s/eslabones_ref.1029_1.jpg","","0.0000","0.0000","1","0","0","1","1.0000","1","0.0000","1","0","","1","0","1","1","0.0000","1","0","","","","","","","","","","","","","","","","","","","","","","","","","","",""
"1114","","pulseras","simple","Pulseras","base","Fenicio.  Ref.1114","/f/e/fenicio-mujer_1114_fenicio-hombre_1115_1.jpg","/f/e/fenicio-mujer_1114_fenicio-hombre_1115_1.jpg","/f/e/fenicio-mujer_1114_fenicio-hombre_1115_1.jpg","/a/p/aparejos_web_blanco_102_1.jpg","","0.0000","0.0000","1","0","0","1","1.0000","1","0.0000","1","0","","1","0","1","1","0.0000","1","0","","","","","","","","","","","","","","","","","","","","","","","","","","",""
"1093","","pulseras","simple","Pulseras","base","Jerez.  Ref.1093","/j/e/jerez_ref.1093_1.jpg","/j/e/jerez_ref.1093_1.jpg","/j/e/jerez_ref.1093_1.jpg","","","0.0000","0.0000","1","0","0","1","1.0000","1","0.0000","1","0","","1","0","1","1","0.0000","1","0","","","","","","","","","","","","","","","","","","","","","","","","","","",""
"1110","","pulseras","simple","Pulseras","base","Kitty.  Ref.1110","/k/i/kitty_ref1110_1.jpg","/k/i/kitty_ref1110_1.jpg","/k/i/kitty_ref1110_1.jpg","/a/p/aparejos_web_blanco_106.jpg","","0.0000","0.0000","1","0","0","1","1.0000","1","0.0000","1","0","","1","0","1","1","0.0000","1","0","","","","","","","","","","","","","","","","","","","","","","","","","","",""
"1105","","pulseras","simple","Pulseras","base","Lances.  Ref.1105","/l/a/lances_ref.1105_1.jpg","/l/a/lances_ref.1105_1.jpg","/l/a/lances_ref.1105_1.jpg","/a/p/aparejos_web_blanco_113.jpg","","0.0000","0.0000","1","0","0","1","1.0000","1","0.0000","1","0","","1","0","1","1","0.0000","1","0","","","","","","","","","","","","","","","","","","","","","","","","","","",""
"1036","","pulseras","simple","Pulseras","base","Lobo de Mar 1036","/m/o/mod._lobo_de_mar_19_ref.1036.jpg","/m/o/mod._lobo_de_mar_19_ref.1036.jpg","/m/o/mod._lobo_de_mar_19_ref.1036.jpg","/c/i/cierre_garfio.jpg","","0.0000","0.0000","1","0","0","1","1.0000","1","0.0000","1","0","","1","0","1","1","0.0000","1","0","","","","","","","","","","","","","","","","","","","","","","","","","","",""
"","","","","","","","","","","/a/p/aparejos_web_blanco_005_2_.jpg","","","","","","","","","","","","","","","","","","","","","","","","","","","","","","","","","","","","","","","","","","","","","","",""
"","","","","","","","","","","/a/p/aparejos_web_blanco_008_1.jpg","","","","","","","","","","","","","","","","","","","","","","","","","","","","","","","","","","","","","","","","","","","","","","",""
"1028","","pulseras","simple","Pulseras","base","Lobo de mar 1028","/l/o/lobo_de_mar_ref.1028.jpg","/l/o/lobo_de_mar_ref.1028.jpg","/l/o/lobo_de_mar_ref.1028.jpg","/c/i/cierre_garfio_1.jpg","","0.0000","0.0000","1","0","0","1","1.0000","1","0.0000","1","0","","1","0","1","1","0.0000","1","0","","","","","","","","","","","","","","","","","","","","","","","","","","",""
"","","","","","","","","","","/a/p/aparejos_web_blanco_010_1.jpg","","","","","","","","","","","","","","","","","","","","","","","","","","","","","","","","","","","","","","","","","","","","","","",""
"1034","","pulseras","simple","Pulseras","base","Lobo de Mar 1034","/l/o/lobo_de_mar_ref.1034.jpg","/l/o/lobo_de_mar_ref.1034.jpg","/l/o/lobo_de_mar_ref.1034.jpg","/c/i/cierre_garfio_2.jpg","","0.0000","0.0000","1","0","0","1","1.0000","1","0.0000","1","0","","1","0","1","1","0.0000","1","0","","","","","","","","","","","","","","","","","","","","","","","","","","",""
"","","","","","","","","","","/a/p/aparejos_web_blanco_012_1.jpg","","","","","","","","","","","","","","","","","","","","","","","","","","","","","","","","","","","","","","","","","","","","","","",""
"1006","","pulseras","simple","Pulseras","base","Los Caños.  Ref.1006","/l/o/los_ca_os_ref.1006.jpg","/l/o/los_ca_os_ref.1006.jpg","/l/o/los_ca_os_ref.1006.jpg","","","0.0000","0.0000","1","0","0","1","1.0000","1","0.0000","1","0","","1","0","1","1","0.0000","1","0","","","","","","","","","","","","","","","","","","","","","","","","","","",""
"1087","","pulseras","simple","Pulseras","base","Marinero.  Ref.1087","/m/a/marinero_ref.1087_1.jpg","/m/a/marinero_ref.1087_1.jpg","/m/a/marinero_ref.1087_1.jpg","","","0.0000","0.0000","1","0","0","1","1.0000","1","0.0000","1","0","","1","0","1","1","0.0000","1","0","","","","","","","","","","","","","","","","","","","","","","","","","","",""
"1120","","pulseras","simple","Pulseras","base","Novo Cadiz.  Ref.1120","/m/o/mod._novo_c_diz_ref.1120_1.jpg","/m/o/mod._novo_c_diz_ref.1120_1.jpg","/m/o/mod._novo_c_diz_ref.1120_1.jpg","/a/p/aparejos_web_blanco_122_1.jpg","","0.0000","0.0000","1","0","0","1","1.0000","1","0.0000","1","0","","1","0","1","1","0.0000","1","0","","","","","","","","","","","","","","","","","","","","","","","","","","",""
"1125","","pulseras","simple","Pulseras","base","Baelo.  Ref.1125","/m/o/mod.baelo_ref.1125_1.jpg","/m/o/mod.baelo_ref.1125_1.jpg","/m/o/mod.baelo_ref.1125_1.jpg","","","0.0000","0.0000","1","0","0","1","1.0000","1","0.0000","1","0","","1","0","1","1","0.0000","1","0","","","","","","","","","","","","","","","","","","","","","","","","","","",""
"1138","","pulseras","simple","Pulseras","base","Calabrotes Ancla.  Ref.1138","/m/o/mod.calabrotes-ancla_ref_1138_1.jpg","/m/o/mod.calabrotes-ancla_ref_1138_1.jpg","/m/o/mod.calabrotes-ancla_ref_1138_1.jpg","/2/0/2011_enero_224.jpg","","0.0000","0.0000","1","0","0","1","1.0000","1","0.0000","1","0","","1","0","1","1","0.0000","1","0","","","","","","","","","","","","","","","","","","","","","","","","","","",""
"","","","","","","","","","","/2/0/2011_enero_226.jpg","","","","","","","","","","","","","","","","","","","","","","","","","","","","","","","","","","","","","","","","","","","","","","",""
"1140","","pulseras","simple","Pulseras","base","Cañas.  Ref.1140","/m/o/mod.ca_as_ref_1140.jpg","/m/o/mod.ca_as_ref_1140.jpg","/m/o/mod.ca_as_ref_1140.jpg","","","0.0000","0.0000","1","0","0","1","1.0000","1","0.0000","1","0","","1","0","1","1","0.0000","1","0","","","","","","","","","","","","","","","","","","","","","","","","","","",""
"1134","","pulseras","simple","Pulseras","base","El Cable.  Ref.1134","/m/o/mod.el_cable_ref.1134.jpg","/m/o/mod.el_cable_ref.1134.jpg","/m/o/mod.el_cable_ref.1134.jpg","","","0.0000","0.0000","1","0","0","1","1.0000","1","0.0000","1","0","","1","0","1","1","0.0000","1","0","","","","","","","","","","","","","","","","","","","","","","","","","","",""
"1127","","pulseras","simple","Pulseras","base","El Rodeito.  Ref.1127","/m/o/mod.el_rodeito_ref.1127.jpg","/m/o/mod.el_rodeito_ref.1127.jpg","/m/o/mod.el_rodeito_ref.1127.jpg","/a/p/aparejos_web_blanco_100_1.jpg","","0.0000","0.0000","1","0","0","1","1.0000","1","0.0000","1","0","","1","0","1","1","0.0000","1","0","","","","","","","","","","","","","","","","","","","","","","","","","","",""
"1130","","pulseras","simple","Pulseras","base","Espigon.  Ref.1130","/m/o/mod.espig_n_ref.1130_1.jpg","/m/o/mod.espig_n_ref.1130_1.jpg","/m/o/mod.espig_n_ref.1130_1.jpg","/a/p/aparejos_web_blanco_082.jpg","","0.0000","0.0000","1","0","0","1","1.0000","1","0.0000","1","0","","1","0","1","1","0.0000","1","0","","","","","","","","","","","","","","","","","","","","","","","","","","",""
"1136","","pulseras","simple","Pulseras","base","Indian Chic Seda.  Ref.1136","/2/0/2011_abril_001.jpg","/2/0/2011_abril_001.jpg","/2/0/2011_abril_001.jpg","/c/i/cierre_garfio_6.jpg","","0.0000","0.0000","1","0","0","1","1.0000","1","0.0000","1","0","","1","0","1","1","0.0000","1","0","","","","","","","","","","","","","","","","","","","","","","","","","","",""
"1137","","pulseras","simple","Pulseras","base","Indian Chic Seda Cuero.  Ref.1137","/m/o/mod.indian-seda-cuero_ref.1137_1.jpg","/m/o/mod.indian-seda-cuero_ref.1137_1.jpg","/m/o/mod.indian-seda-cuero_ref.1137_1.jpg","/c/i/cierre_garfio_5.jpg","","0.0000","0.0000","1","0","0","1","1.0000","1","0.0000","1","0","","1","0","1","1","0.0000","1","0","","","","","","","","","","","","","","","","","","","","","","","","","","",""
"","","","","","","","","","","/a/p/aparejos_web---_blanco_017_9__1.jpg","","","","","","","","","","","","","","","","","","","","","","","","","","","","","","","","","","","","","","","","","","","","","","",""
"1135","","pulseras","simple","Pulseras","base","Naufragio  Ref.1135","/m/o/mod.naufragio_ref.1135_1.jpg","/m/o/mod.naufragio_ref.1135_1.jpg","/m/o/mod.naufragio_ref.1135_1.jpg","/2/0/2011_enero_188.jpg","","0.0000","0.0000","1","0","0","1","1.0000","1","0.0000","1","0","","1","0","1","1","0.0000","1","0","","","","","","","","","","","","","","","","","","","","","","","","","","",""
"","","","","","","","","","","/2/0/2011febrero_aparejos_blanco_001.jpg","","","","","","","","","","","","","","","","","","","","","","","","","","","","","","","","","","","","","","","","","","","","","","",""
"1116","","pulseras","simple","Pulseras","base","Navio  Ref.1116","/m/o/mod.navio_ref.1116_1.jpg","/m/o/mod.navio_ref.1116_1.jpg","/m/o/mod.navio_ref.1116_1.jpg","","","0.0000","0.0000","1","0","0","1","1.0000","1","0.0000","1","0","","1","0","1","1","0.0000","1","0","","","","","","","","","","","","","","","","","","","","","","","","","","",""
"1117","","pulseras","simple","Pulseras","base","Perla Blanca.  Ref.1117","/m/o/mod.perla_blanca_ref.1117.jpg","/m/o/mod.perla_blanca_ref.1117.jpg","/m/o/mod.perla_blanca_ref.1117.jpg","/c/i/cierre_garfio_4.jpg","","0.0000","0.0000","1","0","0","1","1.0000","1","0.0000","1","0","","1","0","1","1","0.0000","1","0","","","","","","","","","","","","","","","","","","","","","","","","","","",""
"","","","","","","","","","","/a/p/aparejos_web_blanco_085_1.jpg","","","","","","","","","","","","","","","","","","","","","","","","","","","","","","","","","","","","","","","","","","","","","","",""
"1129","","pulseras","simple","Pulseras","base","  Rocas  Ref.1129","/m/o/mod.rocas_ref.1129_1.jpg","/m/o/mod.rocas_ref.1129_1.jpg","/m/o/mod.rocas_ref.1129_1.jpg","/a/p/aparejos_web_blanco_123.jpg","","0.0000","0.0000","1","0","0","1","1.0000","1","0.0000","1","0","","1","0","1","1","0.0000","1","0","","","","","","","","","","","","","","","","","","","","","","","","","","",""
"1017","","pulseras","simple","Pulseras","base","Roche Ref.1017","/m/o/mod.roche_25e_ref.1017.jpg","/m/o/mod.roche_25e_ref.1017.jpg","/m/o/mod.roche_25e_ref.1017.jpg","/m/o/mod.roche_ref.1017_1.jpg","","0.0000","0.0000","1","0","0","1","1.0000","1","0.0000","1","0","","1","0","1","1","0.0000","1","0","","","","","","","","","","","","","","","","","","","","","","","","","","",""
"","","","","","","","","","","/a/p/aparejos_web_blanco_117.jpg","","","","","","","","","","","","","","","","","","","","","","","","","","","","","","","","","","","","","","","","","","","","","","",""
"1139","","pulseras","simple","Pulseras","base","Tubos.  Ref.1139","/m/o/mod.tubos_ref_1139_1.jpg","/m/o/mod.tubos_ref_1139_1.jpg","/m/o/mod.tubos_ref_1139_1.jpg","/a/p/aparejos_web_blanco_092.jpg","","0.0000","0.0000","1","0","0","1","1.0000","1","0.0000","1","0","","1","0","1","1","0.0000","1","0","","","","","","","","","","","","","","","","","","","","","","","","","","",""
"1102","","pulseras","simple","Pulseras","base","Niña.  Ref.1102","/n/i/ni_a_ref.1102_1_1.jpg","/n/i/ni_a_ref.1102_1_1.jpg","/n/i/ni_a_ref.1102_1_1.jpg","","","0.0000","0.0000","1","0","0","1","1.0000","1","0.0000","1","0","","1","0","1","1","0.0000","1","0","","","","","","","","","","","","","","","","","","","","","","","","","","",""
"1104","","pulseras","simple","Pulseras","base","Nudo Llano.  Ref.1104","/n/u/nudo_llano_ref.1104.jpg","/n/u/nudo_llano_ref.1104.jpg","/n/u/nudo_llano_ref.1104.jpg","/a/p/aparejos_web_blanco_016_1.jpg","","0.0000","0.0000","1","0","0","1","1.0000","1","0.0000","1","0","","1","0","1","1","0.0000","1","0","","","","","","","","","","","","","","","","","","","","","","","","","","",""
"1050","","pulseras","simple","Pulseras","base","Nudo.  Ref.1050","/n/u/nudo_ref.1050.jpg","/n/u/nudo_ref.1050.jpg","/n/u/nudo_ref.1050.jpg","/a/p/aparejos_web_blanco_047_1.jpg","","0.0000","0.0000","1","0","0","1","1.0000","1","0.0000","1","0","","1","0","1","1","0.0000","1","0","","","","","","","","","","","","","","","","","","","","","","","","","","",""
"1098","","pulseras","simple","Pulseras","base","Nudo Grande.  Ref.1098","/n/u/nudo_grande_ref.1098.jpg","/n/u/nudo_grande_ref.1098.jpg","/n/u/nudo_grande_ref.1098.jpg","/n/u/nudo_gande_ref.1098nudo_peque_o_ref.1099.jpg","","0.0000","0.0000","1","0","0","1","1.0000","1","0.0000","1","0","","1","0","1","1","0.0000","1","0","","","","","","","","","","","","","","","","","","","","","","","","","","",""
"","","","","","","","","","","/a/p/aparejos_web_blanco_127_1.jpg","","","","","","","","","","","","","","","","","","","","","","","","","","","","","","","","","","","","","","","","","","","","","","",""
"1099","","pulseras","simple","Pulseras","base","Nudo Pequeño.  Ref.1099","/n/u/nudo_peque_o_ref.1099_1.jpg","/n/u/nudo_peque_o_ref.1099_1.jpg","/n/u/nudo_peque_o_ref.1099_1.jpg","/n/u/nudo_gande_ref.1098nudo_peque_o_ref.1099_2.jpg","","0.0000","0.0000","1","0","0","1","1.0000","1","0.0000","1","0","","1","0","1","1","0.0000","1","0","","","","","","","","","","","","","","","","","","","","","","","","","","",""
"","","","","","","","","","","/n/u/nudo_peque_o_ref.1099_2.jpg","","","","","","","","","","","","","","","","","","","","","","","","","","","","","","","","","","","","","","","","","","","","","","",""
"","","","","","","","","","","/a/p/aparejos_web_blanco_125_1.jpg","","","","","","","","","","","","","","","","","","","","","","","","","","","","","","","","","","","","","","","","","","","","","","",""
"1059","","pulseras","simple","Pulseras","base","Ojo de Buey.  Ref.1059","/o/j/ojo_de_buey_ref.1059.jpg","/o/j/ojo_de_buey_ref.1059.jpg","/o/j/ojo_de_buey_ref.1059.jpg","","","0.0000","0.0000","1","0","0","1","1.0000","1","0.0000","1","0","","1","0","1","1","0.0000","1","0","","","","","","","","","","","","","","","","","","","","","","","","","","",""
"1095","","pulseras","simple","Pulseras","base","Ovalo Regaliz.  Ref.1095","/o/v/ovalo_regaliz_ref.1095.jpg","/o/v/ovalo_regaliz_ref.1095.jpg","/o/v/ovalo_regaliz_ref.1095.jpg","","","0.0000","0.0000","1","0","0","1","1.0000","1","0.0000","1","0","","1","0","1","1","0.0000","1","0","","","","","","","","","","","","","","","","","","","","","","","","","","",""
"1075","","pulseras","simple","Pulseras","base","Potro Beig Cuero.  Ref.1075","/p/o/potro_beige_con_cuero_ref.1075.jpg","/p/o/potro_beige_con_cuero_ref.1075.jpg","/p/o/potro_beige_con_cuero_ref.1075.jpg","","","0.0000","0.0000","1","0","0","1","1.0000","1","0.0000","1","0","","1","0","1","1","0.0000","1","0","","","","","","","","","","","","","","","","","","","","","","","","","","",""
"1071","","pulseras","simple","Pulseras","base","Potro Negro Cebra.  Ref.1071","/p/o/potro_negro_con_cebra_ref.1071.jpg","/p/o/potro_negro_con_cebra_ref.1071.jpg","/p/o/potro_negro_con_cebra_ref.1071.jpg","","","0.0000","0.0000","1","0","0","1","1.0000","1","0.0000","1","0","","1","0","1","1","0.0000","1","0","","","","","","","","","","","","","","","","","","","","","","","","","","",""
"1074","","pulseras","simple","Pulseras","base","Potro.  Ref.1074","/p/o/potro_ref.1074....jpg","/p/o/potro_ref.1074....jpg","/p/o/potro_ref.1074....jpg","","","0.0000","0.0000","1","0","0","1","1.0000","1","0.0000","1","0","","1","0","1","1","0.0000","1","0","","","","","","","","","","","","","","","","","","","","","","","","","","",""
"1074-2","","pulseras","simple","Pulseras","base","Potro.  Ref.1074-2","/p/o/potro_ref.1074.jpg","/p/o/potro_ref.1074.jpg","/p/o/potro_ref.1074.jpg","","","0.0000","0.0000","1","0","0","1","1.0000","1","0.0000","1","0","","1","0","1","1","0.0000","1","0","","","","","","","","","","","","","","","","","","","","","","","","","","",""
"1074-3","","pulseras","simple","Pulseras","base","Potro.  Ref.1074-3","/p/o/potro_ref.1074-1.jpg","/p/o/potro_ref.1074-1.jpg","/p/o/potro_ref.1074-1.jpg","","","0.0000","0.0000","1","0","0","1","1.0000","1","0.0000","1","0","","1","0","1","1","0.0000","1","0","","","","","","","","","","","","","","","","","","","","","","","","","","",""
"1090","","pulseras","simple","Pulseras","base","Tubo Pequeño Nudo.  Ref.1090 ","/p/u/pulsera_ref.1090.jpg","/p/u/pulsera_ref.1090.jpg","/p/u/pulsera_ref.1090.jpg","","","0.0000","0.0000","1","0","0","1","1.0000","1","0.0000","1","0","","1","0","1","1","0.0000","1","0","","","","","","","","","","","","","","","","","","","","","","","","","","",""
"1091","","pulseras","simple","Pulseras","base","De lunares.  Ref.1091","/p/u/pulsera_ref.1091_1.jpg","/p/u/pulsera_ref.1091_1.jpg","/p/u/pulsera_ref.1091_1.jpg","/a/p/aparejos_web_blanco_089_1.jpg","","0.0000","0.0000","1","0","0","1","1.0000","1","0.0000","1","0","","1","0","1","1","0.0000","1","0","","","","","","","","","","","","","","","","","","","","","","","","","","",""
"1008","","pulseras","simple","Pulseras","base","Punta Paloma.  Ref.1008","/p/u/punta_paloma_cref.1008.jpg","/p/u/punta_paloma_cref.1008.jpg","/p/u/punta_paloma_cref.1008.jpg","","","0.0000","0.0000","1","0","0","1","1.0000","1","0.0000","1","0","","1","0","1","1","0.0000","1","0","","","","","","","","","","","","","","","","","","","","","","","","","","",""
"1095-2","","pulseras","simple","Pulseras","base","Rectángulo Doble Anilla.  Ref.1095-2","/r/e/rectangulo_doble_anillas_ref.1095.jpg","/r/e/rectangulo_doble_anillas_ref.1095.jpg","/r/e/rectangulo_doble_anillas_ref.1095.jpg","/a/p/aparejos_web_blanco_052_1.jpg","","0.0000","0.0000","1","0","0","1","1.0000","1","0.0000","1","0","","1","0","1","1","0.0000","1","0","","","","","","","","","","","","","","","","","","","","","","","","","","",""
"1065","","pulseras","simple","Pulseras","base","Bolas Locas.  Ref.1065","/r/e/ref.1065.jpg","/r/e/ref.1065.jpg","/r/e/ref.1065.jpg","/a/p/aparejos_web_blanco_020_2__1.jpg","","0.0000","0.0000","1","0","0","1","1.0000","1","0.0000","1","0","","1","0","1","1","0.0000","1","0","","","","","","","","","","","","","","","","","","","","","","","","","","",""
"","","","","","","","","","","/a/p/aparejos_web_blanco_023_2_.jpg","","","","","","","","","","","","","","","","","","","","","","","","","","","","","","","","","","","","","","","","","","","","","","",""
"1081","","pulseras","simple","Pulseras","base","Duna XL.  Ref.1081","/r/e/ref.1081_...jpg","/r/e/ref.1081_...jpg","/r/e/ref.1081_...jpg","","","0.0000","0.0000","1","0","0","1","1.0000","1","0.0000","1","0","","1","0","1","1","0.0000","1","0","","","","","","","","","","","","","","","","","","","","","","","","","","",""
"1081-2","","pulseras","simple","Pulseras","base","Taj.  Ref.1081-2","/r/e/ref.1081.jpg","/r/e/ref.1081.jpg","/r/e/ref.1081.jpg","","","0.0000","0.0000","1","0","0","1","1.0000","1","0.0000","1","0","","1","0","1","1","0.0000","1","0","","","","","","","","","","","","","","","","","","","","","","","","","","",""
"1083","","pulseras","simple","Pulseras","base","Doble Locura.  Ref.1083","/r/e/ref.1083.jpg","/r/e/ref.1083.jpg","/r/e/ref.1083.jpg","","","0.0000","0.0000","1","0","0","1","1.0000","1","0.0000","1","0","","1","0","1","1","0.0000","1","0","","","","","","","","","","","","","","","","","","","","","","","","","","",""
"1124","","pulseras","simple","Pulseras","base","Pulsera.  Ref.1124","/r/e/ref.1124.jpg","/r/e/ref.1124.jpg","/r/e/ref.1124.jpg","","","0.0000","0.0000","1","0","0","1","1.0000","1","0.0000","1","0","","1","0","1","1","0.0000","1","0","","","","","","","","","","","","","","","","","","","","","","","","","","",""
"1044","","pulseras","simple","Pulseras","base","Sancti Petri.  Ref.1044","/s/a/sancti_petri_ref.1044.jpg","/s/a/sancti_petri_ref.1044.jpg","/s/a/sancti_petri_ref.1044.jpg","/a/p/aparejos_web_blanco_077_1.jpg","","0.0000","0.0000","1","0","0","1","1.0000","1","0.0000","1","0","","1","0","1","1","0.0000","1","0","","","","","","","","","","","","","","","","","","","","","","","","","","",""
"1041","","pulseras","simple","Pulseras","base","Tavira Doble.  Ref.1041","/t/a/tavira_cierre_2_cm_ref.1041.jpg","/t/a/tavira_cierre_2_cm_ref.1041.jpg","/t/a/tavira_cierre_2_cm_ref.1041.jpg","/a/p/aparejos_web_blanco_178_1.jpg","","0.0000","0.0000","1","0","0","1","1.0000","1","0.0000","1","0","","1","0","1","1","0.0000","1","0","","","","","","","","","","","","","","","","","","","","","","","","","","",""
"1057","","pulseras","simple","Pulseras","base","Tavira.  Ref.1057","/t/a/tavira-hombre_ref.1057_1.jpg","/t/a/tavira-hombre_ref.1057_1.jpg","/t/a/tavira-hombre_ref.1057_1.jpg","/t/a/tavira-hombre_ref.1057_2.jpg","","0.0000","0.0000","1","0","0","1","1.0000","1","0.0000","1","0","","1","0","1","1","0.0000","1","0","","","","","","","","","","","","","","","","","","","","","","","","","","",""
"","","","","","","","","","","/a/p/aparejos_web_blanco_035_1.jpg","","","","","","","","","","","","","","","","","","","","","","","","","","","","","","","","","","","","","","","","","","","","","","",""
"1002","","pulseras","simple","Pulseras","base","Trafalgar.  Ref.1002","/m/o/mod.trafalgar_22e_ref.1002.jpg","/m/o/mod.trafalgar_22e_ref.1002.jpg","/m/o/mod.trafalgar_22e_ref.1002.jpg","/a/p/aparejos_web_blanco_191_1.jpg","","0.0000","0.0000","1","0","0","1","1.0000","1","0.0000","1","0","","1","0","1","1","0.0000","1","0","","","","","","","","","","","","","","","","","","","","","","","","","","",""
"1043","","pulseras","simple","Pulseras","base","Trenzada.  Ref.1043","/t/r/trenzada_ref.1043_1.jpg","/t/r/trenzada_ref.1043_1.jpg","/t/r/trenzada_ref.1043_1.jpg","","","0.0000","0.0000","1","0","0","1","1.0000","1","0.0000","1","0","","1","0","1","1","0.0000","1","0","","","","","","","","","","","","","","","","","","","","","","","","","","",""
"1022","","pulseras","simple","Pulseras","base","Valdevaqueros.  Ref.1022","/v/a/valdevaqueros_ref.1022_1.jpg","/v/a/valdevaqueros_ref.1022_1.jpg","/v/a/valdevaqueros_ref.1022_1.jpg","/a/p/aparejos_web_blanco_027_1.jpg","","0.0000","0.0000","1","0","0","1","1.0000","1","0.0000","1","0","","1","0","1","1","0.0000","1","0","","","","","","","","","","","","","","","","","","","","","","","","","","",""
"1117-2","","pulseras","simple","Pulseras","base","Perla Negra.  Ref.1117-2","/m/o/mod.perla_negra_ref.1117_2.jpg","/m/o/mod.perla_negra_ref.1117_2.jpg","/m/o/mod.perla_negra_ref.1117_2.jpg","/c/i/cierre_garfio_8.jpg","","0.0000","0.0000","1","0","0","1","1.0000","1","0.0000","1","0","","1","0","1","1","0.0000","1","0","","","","","","","","","","","","","","","","","","","","","","","","","","",""
"","","","","","","","","","","/a/p/aparejos_web_blanco_083.jpg","","","","","","","","","","","","","","","","","","","","","","","","","","","","","","","","","","","","","","","","","","","","","","",""
"4020","","pendientes","simple","Pendientes","base","Roche.  Ref.4020","/r/o/roche_ref.4020_1.jpg","/r/o/roche_ref.4020_1.jpg","/r/o/roche_ref.4020_1.jpg","","","0.0000","0.0000","1","0","0","1","1.0000","1","0.0000","1","0","","1","0","1","1","0.0000","1","0","","","","","","","","","","","","","","","","","","","","","","","","","","",""
"4067","","pendientes","simple","Pendientes","base","Círculos.  Ref.4067","/r/e/ref_4067.jpg","/r/e/ref_4067.jpg","/r/e/ref_4067.jpg","","","0.0000","0.0000","1","0","0","1","1.0000","1","0.0000","1","0","","1","0","1","1","0.0000","1","0","","","","","","","","","","","","","","","","","","","","","","","","","","",""
"4062","","pendientes","simple","Pendientes","base","Semiaro-placa.  Ref.4062","/r/e/ref.4062.jpg","/r/e/ref.4062.jpg","/r/e/ref.4062.jpg","","","0.0000","0.0000","1","0","0","1","1.0000","1","0.0000","1","0","","1","0","1","1","0.0000","1","0","","","","","","","","","","","","","","","","","","","","","","","","","","",""
"4061","","pendientes","simple","Pendientes","base","Semiaro-bola.  Ref.4061","/r/e/ref.4061.jpg","/r/e/ref.4061.jpg","/r/e/ref.4061.jpg","","","0.0000","0.0000","1","0","0","1","1.0000","1","0.0000","1","0","","1","0","1","1","0.0000","1","0","","","","","","","","","","","","","","","","","","","","","","","","","","",""
"4060","","pendientes","simple","Pendientes","base","Aro-bola.  Ref.4060","/r/e/ref.4060.jpg","/r/e/ref.4060.jpg","/r/e/ref.4060.jpg","","","0.0000","0.0000","1","0","0","1","1.0000","1","0.0000","1","0","","1","0","1","1","0.0000","1","0","","","","","","","","","","","","","","","","","","","","","","","","","","",""
"4059","","pendientes","simple","Pendientes","base","Aro-bola-plana.  Ref.4059","/r/e/ref.4059..jpg","/r/e/ref.4059..jpg","/r/e/ref.4059..jpg","","","0.0000","0.0000","1","0","0","1","1.0000","1","0.0000","1","0","","1","0","1","1","0.0000","1","0","","","","","","","","","","","","","","","","","","","","","","","","","","",""
"4058","","pendientes","simple","Pendientes","base","Semiaro-bola-plana.  Ref.4058","/r/e/ref.4058.jpg","/r/e/ref.4058.jpg","/r/e/ref.4058.jpg","","","0.0000","0.0000","1","0","0","1","1.0000","1","0.0000","1","0","","1","0","1","1","0.0000","1","0","","","","","","","","","","","","","","","","","","","","","","","","","","",""
"4054","","pendientes","simple","Pendientes","base","Triángulo-buda.  Ref.4054","/r/e/ref.4054.jpg","/r/e/ref.4054.jpg","/r/e/ref.4054.jpg","","","0.0000","0.0000","1","0","0","1","1.0000","1","0.0000","1","0","","1","0","1","1","0.0000","1","0","","","","","","","","","","","","","","","","","","","","","","","","","","",""
"4048","","pendientes","simple","Pendientes","base","Aro-cuero-pepitas.  Ref.4048","/r/e/ref.4048.jpg","/r/e/ref.4048.jpg","/r/e/ref.4048.jpg","","","0.0000","0.0000","1","0","0","1","1.0000","1","0.0000","1","0","","1","0","1","1","0.0000","1","0","","","","","","","","","","","","","","","","","","","","","","","","","","",""
"4047","","pendientes","simple","Pendientes","base","Disco plano.  Ref.4047","/r/e/ref.4047.jpg","/r/e/ref.4047.jpg","/r/e/ref.4047.jpg","","","0.0000","0.0000","1","0","0","1","1.0000","1","0.0000","1","0","","1","0","1","1","0.0000","1","0","","","","","","","","","","","","","","","","","","","","","","","","","","",""
"4035","","pendientes","simple","Pendientes","base","Muelle-moneda.  Ref.4035","/r/e/ref.4035.jpg","/r/e/ref.4035.jpg","/r/e/ref.4035.jpg","","","0.0000","0.0000","1","0","0","1","1.0000","1","0.0000","1","0","","1","0","1","1","0.0000","1","0","","","","","","","","","","","","","","","","","","","","","","","","","","",""
"4034","","pendientes","simple","Pendientes","base","Círculo-moneda.  Ref.4034","/r/e/ref.4034.jpg","/r/e/ref.4034.jpg","/r/e/ref.4034.jpg","","","0.0000","0.0000","1","0","0","1","1.0000","1","0.0000","1","0","","1","0","1","1","0.0000","1","0","","","","","","","","","","","","","","","","","","","","","","","","","","",""
"4033","","pendientes","simple","Pendientes","base","Punta de flecha.  Ref.4033","/r/e/ref.4033.jpg","/r/e/ref.4033.jpg","/r/e/ref.4033.jpg","","","0.0000","0.0000","1","0","0","1","1.0000","1","0.0000","1","0","","1","0","1","1","0.0000","1","0","","","","","","","","","","","","","","","","","","","","","","","","","","",""
"4032","","pendientes","simple","Pendientes","base","Ovalado.  Ref.4032","/r/e/ref.4032.jpg","/r/e/ref.4032.jpg","/r/e/ref.4032.jpg","","","0.0000","0.0000","1","0","0","1","1.0000","1","0.0000","1","0","","1","0","1","1","0.0000","1","0","","","","","","","","","","","","","","","","","","","","","","","","","","",""
"4031","","pendientes","simple","Pendientes","base","Racimo.  Ref.4031","/r/e/ref.4031.jpg","/r/e/ref.4031.jpg","/r/e/ref.4031.jpg","","","0.0000","0.0000","1","0","0","1","1.0000","1","0.0000","1","0","","1","0","1","1","0.0000","1","0","","","","","","","","","","","","","","","","","","","","","","","","","","",""
"4030","","pendientes","simple","Pendientes","base","De lunares.  Ref.4030","/r/e/ref.4030.jpg","/r/e/ref.4030.jpg","/r/e/ref.4030.jpg","","","0.0000","0.0000","1","0","0","1","1.0000","1","0.0000","1","0","","1","0","1","1","0.0000","1","0","","","","","","","","","","","","","","","","","","","","","","","","","","",""
"4029","","pendientes","simple","Pendientes","base","Moneda-doble.  Ref.4029","/r/e/ref.4029.jpg","/r/e/ref.4029.jpg","/r/e/ref.4029.jpg","","","0.0000","0.0000","1","0","0","1","1.0000","1","0.0000","1","0","","1","0","1","1","0.0000","1","0","","","","","","","","","","","","","","","","","","","","","","","","","","",""
"4028","","pendientes","simple","Pendientes","base","Pepita.  Ref.4028","/r/e/ref.4028.jpg","/r/e/ref.4028.jpg","/r/e/ref.4028.jpg","","","0.0000","0.0000","1","0","0","1","1.0000","1","0.0000","1","0","","1","0","1","1","0.0000","1","0","","","","","","","","","","","","","","","","","","","","","","","","","","",""
"4027","","pendientes","simple","Pendientes","base","Donut-círculo.  Ref.4027","/r/e/ref.4027.jpg","/r/e/ref.4027.jpg","/r/e/ref.4027.jpg","","","0.0000","0.0000","1","0","0","1","1.0000","1","0.0000","1","0","","1","0","1","1","0.0000","1","0","","","","","","","","","","","","","","","","","","","","","","","","","","",""
"4026","","pendientes","simple","Pendientes","base","Barrilete-moneda.  Ref.4026","/r/e/ref.4026.jpg","/r/e/ref.4026.jpg","/r/e/ref.4026.jpg","","","0.0000","0.0000","1","0","0","1","1.0000","1","0.0000","1","0","","1","0","1","1","0.0000","1","0","","","","","","","","","","","","","","","","","","","","","","","","","","",""
"4024","","pendientes","simple","Pendientes","base","Cala-Chica.  Ref.4024","/r/e/ref.4024.jpg","/r/e/ref.4024.jpg","/r/e/ref.4024.jpg","","","0.0000","0.0000","1","0","0","1","1.0000","1","0.0000","1","0","","1","0","1","1","0.0000","1","0","","","","","","","","","","","","","","","","","","","","","","","","","","",""
"4023","","pendientes","simple","Pendientes","base","Donut-Cuadrado.  Ref.4023","/r/e/ref.4023.jpg","/r/e/ref.4023.jpg","/r/e/ref.4023.jpg","","","0.0000","0.0000","1","0","0","1","1.0000","1","0.0000","1","0","","1","0","1","1","0.0000","1","0","","","","","","","","","","","","","","","","","","","","","","","","","","",""
"4022","","pendientes","simple","Pendientes","base","Donut.  Ref.4022","/r/e/ref.4022.jpg","/r/e/ref.4022.jpg","/r/e/ref.4022.jpg","","","0.0000","0.0000","1","0","0","1","1.0000","1","0.0000","1","0","","1","0","1","1","0.0000","1","0","","","","","","","","","","","","","","","","","","","","","","","","","","",""
"4021","","pendientes","simple","Pendientes","base","Bolas-Moneda.  Ref.4021","/r/e/ref.4021.jpg","/r/e/ref.4021.jpg","/r/e/ref.4021.jpg","","","0.0000","0.0000","1","0","0","1","1.0000","1","0.0000","1","0","","1","0","1","1","0.0000","1","0","","","","","","","","","","","","","","","","","","","","","","","","","","",""
"4014","","pendientes","simple","Pendientes","base","Disco-Metal.  Ref.4014","/r/e/ref.4014.jpg","/r/e/ref.4014.jpg","/r/e/ref.4014.jpg","","","0.0000","0.0000","1","0","0","1","1.0000","1","0.0000","1","0","","1","0","1","1","0.0000","1","0","","","","","","","","","","","","","","","","","","","","","","","","","","",""
"4004","","pendientes","simple","Pendientes","base","Nudo.  Ref.4004","/r/e/ref.4004.jpg","/r/e/ref.4004.jpg","/r/e/ref.4004.jpg","","","0.0000","0.0000","1","0","0","1","1.0000","1","0.0000","1","0","","1","0","1","1","0.0000","1","0","","","","","","","","","","","","","","","","","","","","","","","","","","",""
"4003","","pendientes","simple","Pendientes","base","Semiaro Disco Grande.  Ref.4003","/r/e/ref.4003_y_14eref.4002.jpg","/r/e/ref.4003_y_14eref.4002.jpg","/r/e/ref.4003_y_14eref.4002.jpg","","","0.0000","0.0000","1","0","0","1","1.0000","1","0.0000","1","0","","1","0","1","1","0.0000","1","0","","","","","","","","","","","","","","","","","","","","","","","","","","",""
"4002","","pendientes","simple","Pendientes","base","Semiaro Disco Pequeño.  Ref.4002","/r/e/ref.4003_y_14eref.4002_2.jpg","/r/e/ref.4003_y_14eref.4002_2.jpg","/r/e/ref.4003_y_14eref.4002_2.jpg","","","0.0000","0.0000","1","0","0","1","1.0000","1","0.0000","1","0","","1","0","1","1","0.0000","1","0","","","","","","","","","","","","","","","","","","","","","","","","","","",""
"4066","","pendientes","simple","Pendientes","base","Piedras.  Ref.4066","/p/i/piedras_ref.4066.jpg","/p/i/piedras_ref.4066.jpg","/p/i/piedras_ref.4066.jpg","","","0.0000","0.0000","1","0","0","1","1.0000","1","0.0000","1","0","","1","0","1","1","0.0000","1","0","","","","","","","","","","","","","","","","","","","","","","","","","","",""
"4018","","pendientes","simple","Pendientes","base","Aros Pequeños.  Ref.4018","/p/e/peque_os_ref.4018.jpg","/p/e/peque_os_ref.4018.jpg","/p/e/peque_os_ref.4018.jpg","","","0.0000","0.0000","1","0","0","1","1.0000","1","0.0000","1","0","","1","0","1","1","0.0000","1","0","","","","","","","","","","","","","","","","","","","","","","","","","","",""
"4064","","pendientes","simple","Pendientes","base","Oval.  Ref.4064","/o/v/oval_ref_4064.jpg","/o/v/oval_ref_4064.jpg","/o/v/oval_ref_4064.jpg","","","0.0000","0.0000","1","0","0","1","1.0000","1","0.0000","1","0","","1","0","1","1","0.0000","1","0","","","","","","","","","","","","","","","","","","","","","","","","","","",""
"4069","","pendientes","simple","Pendientes","base","Igualdad.  Ref.4069","/m/o/mod.igualdad_ref.4069.jpg","/m/o/mod.igualdad_ref.4069.jpg","/m/o/mod.igualdad_ref.4069.jpg","","","0.0000","0.0000","1","0","0","1","1.0000","1","0.0000","1","0","","1","0","1","1","0.0000","1","0","","","","","","","","","","","","","","","","","","","","","","","","","","",""
"4049","","pendientes","simple","Pendientes","base","Elefantes-Om.  Ref.4049","/m/o/mod.elefantes-om_ref.4049.jpg","/m/o/mod.elefantes-om_ref.4049.jpg","/m/o/mod.elefantes-om_ref.4049.jpg","","","0.0000","0.0000","1","0","0","1","1.0000","1","0.0000","1","0","","1","0","1","1","0.0000","1","0","","","","","","","","","","","","","","","","","","","","","","","","","","",""
"4051","","pendientes","simple","Pendientes","base","Coral Rojo Bola.  Ref.4051","/m/o/mod.coral_bola_ref.4051_1.jpg","/m/o/mod.coral_bola_ref.4051_1.jpg","/m/o/mod.coral_bola_ref.4051_1.jpg","","","0.0000","0.0000","1","0","0","1","1.0000","1","0.0000","1","0","","1","0","1","1","0.0000","1","0","","","","","","","","","","","","","","","","","","","","","","","","","","",""
"4051-2","","pendientes","simple","Pendientes","base","Coral Negro Bola.  Ref.4051-2","/m/o/mod.coral_bola_ref.4051..jpg","/m/o/mod.coral_bola_ref.4051..jpg","/m/o/mod.coral_bola_ref.4051..jpg","","","0.0000","0.0000","1","0","0","1","1.0000","1","0.0000","1","0","","1","0","1","1","0.0000","1","0","","","","","","","","","","","","","","","","","","","","","","","","","","",""
"4052","","pendientes","simple","Pendientes","base","Coral 3 piedras.  Ref.4052","/c/o/coral-rojo_ref.4045.jpg","/c/o/coral-rojo_ref.4045.jpg","/c/o/coral-rojo_ref.4045.jpg","","","0.0000","0.0000","1","0","0","1","1.0000","1","0.0000","1","0","","1","0","1","1","0.0000","1","0","","","","","","","","","","","","","","","","","","","","","","","","","","",""
"4053","","pendientes","simple","Pendientes","base","Budas Cueva.  Ref.4053","/m/o/mod.budas_cueva_ref.4053.jpg","/m/o/mod.budas_cueva_ref.4053.jpg","/m/o/mod.budas_cueva_ref.4053.jpg","","","0.0000","0.0000","1","0","0","1","1.0000","1","0.0000","1","0","","1","0","1","1","0.0000","1","0","","","","","","","","","","","","","","","","","","","","","","","","","","",""
"4055","","pendientes","simple","Pendientes","base","5 Budas.  Ref.4055","/m/o/mod.5_budas_cuadrados_ref.4055.jpg","/m/o/mod.5_budas_cuadrados_ref.4055.jpg","/m/o/mod.5_budas_cuadrados_ref.4055.jpg","","","0.0000","0.0000","1","0","0","1","1.0000","1","0.0000","1","0","","1","0","1","1","0.0000","1","0","","","","","","","","","","","","","","","","","","","","","","","","","","",""
"4072","","pendientes","simple","Pendientes","base","Buda Gota.  Ref.4072","/m/o/mod._buda_gota_ref.4072.jpg","/m/o/mod._buda_gota_ref.4072.jpg","/m/o/mod._buda_gota_ref.4072.jpg","","","0.0000","0.0000","1","0","0","1","1.0000","1","0.0000","1","0","","1","0","1","1","0.0000","1","0","","","","","","","","","","","","","","","","","","","","","","","","","","",""
"4019","","pendientes","simple","Pendientes","base","Aros Grandes.  Ref.4019","/g/r/grandes_ref.4019.jpg","/g/r/grandes_ref.4019.jpg","/g/r/grandes_ref.4019.jpg","","","0.0000","0.0000","1","0","0","1","1.0000","1","0.0000","1","0","","1","0","1","1","0.0000","1","0","","","","","","","","","","","","","","","","","","","","","","","","","","",""
"4045","","pendientes","simple","Pendientes","base","Coral Rojo.  Ref.4045","/c/o/coral-rojo_ref.4045_1.jpg","/c/o/coral-rojo_ref.4045_1.jpg","/c/o/coral-rojo_ref.4045_1.jpg","","","0.0000","0.0000","1","0","0","1","1.0000","1","0.0000","1","0","","1","0","1","1","0.0000","1","0","","","","","","","","","","","","","","","","","","","","","","","","","","",""
"4046","","pendientes","simple","Pendientes","base","Coral Blanco.  Ref.4046","/c/o/coral-blanco_ref.4046.jpg","/c/o/coral-blanco_ref.4046.jpg","/c/o/coral-blanco_ref.4046.jpg","","","0.0000","0.0000","1","0","0","1","1.0000","1","0.0000","1","0","","1","0","1","1","0.0000","1","0","","","","","","","","","","","","","","","","","","","","","","","","","","",""
"4063","","pendientes","simple","Pendientes","base","Círculo.  Ref.4063","/c/i/circulo_ref_4063.jpg","/c/i/circulo_ref_4063.jpg","/c/i/circulo_ref_4063.jpg","","","0.0000","0.0000","1","0","0","1","1.0000","1","0.0000","1","0","","1","0","1","1","0.0000","1","0","","","","","","","","","","","","","","","","","","","","","","","","","","",""
"4065","","pendientes","simple","Pendientes","base","Amor Amor.  Ref.4065","/a/m/amor-amor_ref_4065.jpg","/a/m/amor-amor_ref_4065.jpg","/a/m/amor-amor_ref_4065.jpg","","","0.0000","0.0000","1","0","0","1","1.0000","1","0.0000","1","0","","1","0","1","1","0.0000","1","0","","","","","","","","","","","","","","","","","","","","","","","","","","",""
"4068","","pendientes","simple","Pendientes","base","Tubos.  Ref.4068","/2/0/2011febrero_aparejos_blanco_094tubos_ref.4068.jpg","/2/0/2011febrero_aparejos_blanco_094tubos_ref.4068.jpg","/2/0/2011febrero_aparejos_blanco_094tubos_ref.4068.jpg","","","0.0000","0.0000","1","0","0","1","1.0000","1","0.0000","1","0","","1","0","1","1","0.0000","1","0","","","","","","","","","","","","","","","","","","","","","","","","","","",""
"4070","","pendientes","simple","Pendientes","base","Ellos.  Ref.4070","/2/0/2011_marzo_aparejos_018.jpg","/2/0/2011_marzo_aparejos_018.jpg","/2/0/2011_marzo_aparejos_018.jpg","","","0.0000","0.0000","1","0","0","1","1.0000","1","0.0000","1","0","","1","0","1","1","0.0000","1","0","","","","","","","","","","","","","","","","","","","","","","","","","","",""
"4071","","pendientes","simple","Pendientes","base","Triángular.  Ref.4071","/2/0/2010febrero_117.jpg","/2/0/2010febrero_117.jpg","/2/0/2010febrero_117.jpg","","","0.0000","0.0000","1","0","0","1","1.0000","1","0.0000","1","0","","1","0","1","1","0.0000","1","0","","","","","","","","","","","","","","","","","","","","","","","","","","",""
"1155","","pulseras","simple","Pulseras","base","Waka-Waka.  Ref.1155","/w/a/waka-waka_ref.1155.jpg","/w/a/waka-waka_ref.1155.jpg","/w/a/waka-waka_ref.1155.jpg","/2/0/2011_mayo_007.jpg","","0.0000","0.0000","1","0","0","1","1.0000","1","0.0000","1","0","","1","0","1","1","0.0000","1","0","","","","","","","","","","","","","","","","","","","","","","","","","","",""
"","","","","","","","","","","/2/0/2011_mayo_008.jpg","","","","","","","","","","","","","","","","","","","","","","","","","","","","","","","","","","","","","","","","","","","","","","",""
"","","","","","","","","","","/2/0/2011_mayo_010.jpg","","","","","","","","","","","","","","","","","","","","","","","","","","","","","","","","","","","","","","","","","","","","","","",""
"1156","","pulseras","simple","Pulseras","base","Africa.  Ref.1156","/m/o/mod.africa_ref.1156.jpg","/m/o/mod.africa_ref.1156.jpg","/m/o/mod.africa_ref.1156.jpg","/2/0/2011_mayo_003.jpg","","0.0000","0.0000","1","0","0","1","1.0000","1","0.0000","1","0","","1","0","1","1","0.0000","1","0","","","","","","","","","","","","","","","","","","","","","","","","","","",""
"1154","","pulseras","simple","Pulseras","base","Pirata.  Ref.1154","/m/o/mod.pirata1154_1.jpg","/m/o/mod.pirata1154_1.jpg","/m/o/mod.pirata1154_1.jpg","/m/o/mod_pirata_1154.jpg","","0.0000","0.0000","1","0","0","1","1.0000","1","0.0000","1","0","","1","0","1","1","0.0000","1","0","","","","","","","","","","","","","","","","","","","","","","","","","","",""
"1153","","pulseras","simple","Pulseras","base","Corsario.  Ref.1153","/m/o/mod.corsario_ref.1153.jpg","/m/o/mod.corsario_ref.1153.jpg","/m/o/mod.corsario_ref.1153.jpg","/m/o/mod.corsario1153.jpg","","0.0000","0.0000","1","0","0","1","1.0000","1","0.0000","1","0","","1","0","1","1","0.0000","1","0","","","","","","","","","","","","","","","","","","","","","","","","","","",""
"1150","","pulseras","simple","Pulseras","base","Bucanero-Seda.  Ref.1150","/b/u/bucanero_seda-monedaref.1150_1.jpg","/b/u/bucanero_seda-monedaref.1150_1.jpg","/b/u/bucanero_seda-monedaref.1150_1.jpg","/2/0/2011_marzo_aparejos_-_097.jpg","","0.0000","0.0000","1","0","0","1","1.0000","1","0.0000","1","0","","1","0","1","1","0.0000","1","0","","","","","","","","","","","","","","","","","","","","","","","","","","",""
"","","","","","","","","","","/2/0/2011_marzo_aparejos_-_093.jpg","","","","","","","","","","","","","","","","","","","","","","","","","","","","","","","","","","","","","","","","","","","","","","",""
"","","","","","","","","","","/2/0/2011_marzo_aparejos_-_096.jpg","","","","","","","","","","","","","","","","","","","","","","","","","","","","","","","","","","","","","","","","","","","","","","",""
"1151","","pulseras","simple","Pulseras","base","Bucanero-Algodón.  Ref.1151","/m/o/mod.bucanero_algod_n_ref.1151.jpg","/m/o/mod.bucanero_algod_n_ref.1151.jpg","/m/o/mod.bucanero_algod_n_ref.1151.jpg","/1/b/1bucanero_algod_n_ref.1151.jpg","","0.0000","0.0000","1","0","0","1","1.0000","1","0.0000","1","0","","1","0","1","1","0.0000","1","0","","","","","","","","","","","","","","","","","","","","","","","","","","",""
"1141","","pulseras","simple","Pulseras","base","Piedras.  Ref.1141","/b/r/brazalete_piedras_ref.1141.jpg","/b/r/brazalete_piedras_ref.1141.jpg","/b/r/brazalete_piedras_ref.1141.jpg","/b/r/brazalete_piedras_ref.1141_1.jpg","","0.0000","0.0000","1","0","0","1","1.0000","1","0.0000","1","0","","1","0","1","1","0.0000","1","0","","","","","","","","","","","","","","","","","drop_down","Custom1","1","","","","0","Choice1","0.0000","","0"
"","","","","","","","","","","/a/p/aparejos_web_blanco_097_1.jpg","","","","","","","","","","","","","","","","","","","","","","","","","","","","","","","","","","","","","","","","","","","","Choice2","0.0000","","0"
"","","","","","","","","","","/a/p/aparejos_web_blanco_099.jpg","","","","","","","","","","","","","","","","","","","","","","","","","","","","","","","","","","","","default","","","","","","","","Choice2","","",""
"1147","","pulseras","simple","Pulseras","base","Corazón-Cuerno.  Ref.1147","/m/o/mod.coraz_n-cuerno_ref.1147.jpg","/m/o/mod.coraz_n-cuerno_ref.1147.jpg","/m/o/mod.coraz_n-cuerno_ref.1147.jpg","/a/p/aparejos_web_blanco_128.jpg","","0.0000","0.0000","1","0","0","1","1.0000","1","0.0000","1","0","","1","0","1","1","0.0000","1","0","","","","","","","","","","","","","","","","","","","","","","","","","","",""
"","","","","","","","","","","/a/p/aparejos_web_blanco_009_2.jpg","","","","","","","","","","","","","","","","","","","","","","","","","","","","","","","","","","","","","","","","","","","","","","",""
"1145","","pulseras","simple","Pulseras","base","Corazón-hombre.  Ref.1145","/c/o/coraz_n-hombre_ref.1145_coraz_n-mujer_ref.1146.jpg","/c/o/coraz_n-hombre_ref.1145_coraz_n-mujer_ref.1146.jpg","/c/o/coraz_n-hombre_ref.1145_coraz_n-mujer_ref.1146.jpg","/a/p/aparejos_web_blanco_133.jpg","","0.0000","0.0000","1","0","0","1","1.0000","1","0.0000","1","0","","1","0","1","1","0.0000","1","0","","","","","","","","","","","","","","","","","","","","","","","","","","",""
"1146","","pulseras","simple","Pulseras","base","Corazón-mujer.  Ref.1146","/c/o/coraz_n-hombre_ref.1145_coraz_n-mujer_ref.1146_1.jpg","/c/o/coraz_n-hombre_ref.1145_coraz_n-mujer_ref.1146_1.jpg","/c/o/coraz_n-hombre_ref.1145_coraz_n-mujer_ref.1146_1.jpg","/a/p/aparejos_web_blanco_131_1.jpg","","0.0000","0.0000","1","0","0","1","1.0000","1","0.0000","1","0","","1","0","1","1","0.0000","1","0","","","","","","","","","","","","","","","","","","","","","","","","","","",""
"1122","","pulseras","simple","Pulseras","base","El Tesoro-turquesa.  Ref.1122 ","/2/0/2011_marzo_aparejos_009.jpg","/2/0/2011_marzo_aparejos_009.jpg","/2/0/2011_marzo_aparejos_009.jpg","/2/0/2011_marzo_aparejos_005.jpg","","0.0000","0.0000","1","0","0","1","1.0000","1","0.0000","1","0","","1","0","1","1","0.0000","1","0","","","","","","","","","","","","","","","","","","","","","","","","","","",""
"","","","","","","","","","","/a/p/aparejos_web_blanco_003_2_.jpg","","","","","","","","","","","","","","","","","","","","","","","","","","","","","","","","","","","","","","","","","","","","","","",""
"1122-2","","pulseras","simple","Pulseras","base","El Tesoro-negro.  Ref.1112-2","/2/0/2011_marzo_aparejos_001.jpg","/2/0/2011_marzo_aparejos_001.jpg","/2/0/2011_marzo_aparejos_001.jpg","/a/p/aparejos_web_blanco_002_1.jpg","","0.0000","0.0000","1","0","0","1","1.0000","1","0.0000","1","0","","1","0","1","1","0.0000","1","0","","","","","","","","","","","","","","","","","","","","","","","","","","",""
"1112","","pulseras","simple","Pulseras","base","Tripoli.  Ref.1112","/t/r/tripoli_ref.1112.jpg","/t/r/tripoli_ref.1112.jpg","/t/r/tripoli_ref.1112.jpg","/c/i/cierre_garfio_3.jpg","","0.0000","0.0000","1","0","0","1","1.0000","1","0.0000","1","0","","1","0","1","1","0.0000","1","0","","","","","","","","","","","","","","","","","","","","","","","","","","",""
"1158","","pulseras","simple","Pulseras","base","Círculos-Moneda.  Ref.1158","/m/o/mod.encadena2-moneda_24_ref.1158.jpg","/m/o/mod.encadena2-moneda_24_ref.1158.jpg","/m/o/mod.encadena2-moneda_24_ref.1158.jpg","","","0.0000","0.0000","1","0","0","1","1.0000","1","0.0000","1","0","","1","0","1","1","0.0000","1","0","","","","","","","","","","","","","","","","","","","","","","","","","","",""
"1157","","pulseras","simple","Pulseras","base","Círculos-Cuerno. Ref.1157","/m/o/mod.encadena2-cuerno_24_ref.1157.jpg","/m/o/mod.encadena2-cuerno_24_ref.1157.jpg","/m/o/mod.encadena2-cuerno_24_ref.1157.jpg","","","0.0000","0.0000","1","0","0","1","1.0000","1","0.0000","1","0","","1","0","1","1","0.0000","1","0","","","","","","","","","","","","","","","","","","","","","","","","","","",""
"1148","","pulseras","simple","Pulseras","base","Fuente del Gallo.  Ref.1148","/a/p/aparejos-_30_.jpg","/a/p/aparejos-_30_.jpg","/a/p/aparejos-_30_.jpg","/a/p/aparejos-_33_.jpg","","0.0000","0.0000","1","0","0","1","1.0000","1","0.0000","1","0","","1","0","1","1","0.0000","1","0","","","","","","","","","","","","","","","","","","","","","","","","","","",""
"","","","","","","","","","","/a/p/aparejos_web_blanco_185_1.jpg","","","","","","","","","","","","","","","","","","","","","","","","","","","","","","","","","","","","","","","","","","","","","","",""
"1149","","pulseras","simple","Pulseras","base","Cala del Aceite.  Ref.1149","/a/p/aparejos-_37_.jpg","/a/p/aparejos-_37_.jpg","/a/p/aparejos-_37_.jpg","/a/p/aparejos_web_blanco_187_1.jpg","","0.0000","0.0000","1","0","0","1","1.0000","1","0.0000","1","0","","1","0","1","1","0.0000","1","0","","","","","","","","","","","","","","","","","","","","","","","","","","",""
"1040","","pulseras","simple","Pulseras","base","Tavira Brazalete.  Ref.1040","/t/a/tavira_ref.1040_brazalete_.jpg","/t/a/tavira_ref.1040_brazalete_.jpg","/t/a/tavira_ref.1040_brazalete_.jpg","/a/p/aparejos_web_blanco_094_1.jpg","","0.0000","0.0000","1","0","0","1","1.0000","1","0.0000","1","0","","1","0","1","1","0.0000","1","0","","","","","","","","","","","","","","","","","","","","","","","","","","",""
"1136-2","","pulseras","simple","Pulseras","base","Indian Chic Seda.  Ref.1136-2","/2/0/2011_mayo_033.jpg","/2/0/2011_mayo_033.jpg","/2/0/2011_mayo_033.jpg","/2/0/2011_mayo_028.jpg","","0.0000","0.0000","1","0","0","1","1.0000","1","0.0000","1","0","","1","0","1","1","0.0000","1","0","","","","","","","","","","","","","","","","","","","","","","","","","","",""
"","","","","","","","","","","/c/i/cierre_garfio_9.jpg","","","","","","","","","","","","","","","","","","","","","","","","","","","","","","","","","","","","","","","","","","","","","","",""
"","","","","","","","","","","/a/p/aparejos_web_blanco_037.jpg","","","","","","","","","","","","","","","","","","","","","","","","","","","","","","","","","","","","","","","","","","","","","","",""
"2020","","colgantes","simple","Colgantes","base","Nilo Azul.  Ref.2020","/m/o/mod.nilo_azul_ref.2020.jpg","/m/o/mod.nilo_azul_ref.2020.jpg","/m/o/mod.nilo_azul_ref.2020.jpg","/2/0/2011_abril_098.jpg","","0.0000","0.0000","1","0","0","1","1.0000","1","0.0000","1","0","","1","0","1","1","0.0000","1","0","","","","","","","","","","","","","","","","","","","","","","","","","","",""
"","","","","","","","","","","/2/0/2011_abril_100.jpg","","","","","","","","","","","","","","","","","","","","","","","","","","","","","","","","","","","","","","","","","","","","","","",""
"1144","","pulseras","simple","Pulseras","base","Fiera Negra.  Ref.1144","/a/p/aparejos-_13_.jpg","/a/p/aparejos-_13_.jpg","/a/p/aparejos-_13_.jpg","/a/p/aparejos_web_blanco_065.jpg","","0.0000","0.0000","1","0","0","1","1.0000","1","0.0000","1","0","","1","0","1","1","0.0000","1","0","","","","","","","","","","","","","","","","","","","","","","","","","","",""
"1142","","pulseras","simple","Pulseras","base","Fiera Beig.  Ref.1142","/a/p/aparejos-_15_.jpg","/a/p/aparejos-_15_.jpg","/a/p/aparejos-_15_.jpg","/a/p/aparejos_web_blanco_066.jpg","","0.0000","0.0000","1","0","0","1","1.0000","1","0.0000","1","0","","1","0","1","1","0.0000","1","0","","","","","","","","","","","","","","","","","","","","","","","","","","",""
"1143","","pulseras","simple","Pulseras","base","Cebra.  Ref.1143","/a/p/aparejos-_19_.jpg","/a/p/aparejos-_19_.jpg","/a/p/aparejos-_19_.jpg","/a/p/aparejos_web_blanco_069.jpg","","0.0000","0.0000","1","0","0","1","1.0000","1","0.0000","1","0","","1","0","1","1","0.0000","1","0","","","","","","","","","","","","","","","","","","","","","","","","","","",""
"2021","","colgantes","simple","Colgantes","base","Espeto.  Ref.2021","/m/o/mod.espeto_ref.2021.jpg","/m/o/mod.espeto_ref.2021.jpg","/m/o/mod.espeto_ref.2021.jpg","/2/0/2011_abril_092.jpg","","0.0000","0.0000","1","0","0","1","1.0000","1","0.0000","1","0","","1","0","1","1","0.0000","1","0","","","","","","","","","","","","","","","","","","","","","","","","","","",""
"","","","","","","","","","","/2/0/2011_abril_094.jpg","","","","","","","","","","","","","","","","","","","","","","","","","","","","","","","","","","","","","","","","","","","","","","",""
"2023","","colgantes","simple","Colgantes","base","Ancla.  Ref.2023","/a/n/ancla_2023.jpg","/a/n/ancla_2023.jpg","/a/n/ancla_2023.jpg","","","0.0000","0.0000","1","0","0","1","1.0000","1","0.0000","1","0","","1","0","1","1","0.0000","1","0","","","","","","","","","","","","","","","","","","","","","","","","","","",""
"2025","","colgantes","simple","Colgantes","base","Jerez.  Ref. 2025","/m/o/mod.jerez_ref.2025.jpg","/m/o/mod.jerez_ref.2025.jpg","/m/o/mod.jerez_ref.2025.jpg","","","0.0000","0.0000","1","0","0","1","1.0000","1","0.0000","1","0","","1","0","1","1","0.0000","1","0","","","","","","","","","","","","","","","","","","","","","","","","","","",""
"3045","","colgantes","simple","Colgantes","base","Lagartija.  Ref.3045","/2/0/2010noviembre_020.jpg","/2/0/2010noviembre_020.jpg","/2/0/2010noviembre_020.jpg","","","0.0000","0.0000","1","0","0","1","1.0000","1","0.0000","1","0","","1","0","1","1","0.0000","1","0","","","","","","","","","","","","","","","","","","","","","","","","","","",""
"3049","","colgantes","simple","Colgantes","base","Raspa Pez.  Ref.3049","/2/0/2011_enero_259.jpg","/2/0/2011_enero_259.jpg","/2/0/2011_enero_259.jpg","","","0.0000","0.0000","1","0","0","1","1.0000","1","0.0000","1","0","","1","0","1","1","0.0000","1","0","","","","","","","","","","","","","","","","","","","","","","","","","","",""
"2022","","colgantes","simple","Colgantes","base","Espiral.  Ref.2022","/2/0/2011_abril_102.jpg","/2/0/2011_abril_102.jpg","/2/0/2011_abril_102.jpg","/2/0/2011_abril_103.jpg","","0.0000","0.0000","1","0","0","1","1.0000","1","0.0000","1","0","","1","0","1","1","0.0000","1","0","","","","","","","","","","","","","","","","","","","","","","","","","","",""
"","","","","","","","","","","/2/0/2011_abril_090.jpg","","","","","","","","","","","","","","","","","","","","","","","","","","","","","","","","","","","","","","","","","","","","","","",""
"","","","","","","","","","","/2/0/2011_abril_124.jpg","","","","","","","","","","","","","","","","","","","","","","","","","","","","","","","","","","","","","","","","","","","","","","",""
"2026","","colgantes","simple","Colgantes","base","Estrella de Mar.  Ref.2026","/2/0/2011_abril_104.jpg","/2/0/2011_abril_104.jpg","/2/0/2011_abril_104.jpg","/2/0/2011_abril_106.jpg","","0.0000","0.0000","1","0","0","1","1.0000","1","0.0000","1","0","","1","0","1","1","0.0000","1","0","","","","","","","","","","","","","","","","","","","","","","","","","","",""
"2018","","colgantes","simple","Colgantes","base","Argollas.  Ref.2018","/g/a/gargantilla_ref.3023_1.jpg","/g/a/gargantilla_ref.3023_1.jpg","/g/a/gargantilla_ref.3023_1.jpg","","","0.0000","0.0000","1","0","0","1","1.0000","1","0.0000","1","0","","1","0","1","1","0.0000","1","0","","","","","","","","","","","","","","","","","","","","","","","","","","",""
"3046","","colgantes","simple","Colgantes","base","Bucanero Seda Moneda.  Ref.3046","/2/0/2011_marzo_aparejos_-_062.jpg","/2/0/2011_marzo_aparejos_-_062.jpg","/2/0/2011_marzo_aparejos_-_062.jpg","/b/u/bucanero_seda-moneda_ref.3046_1.jpg","","0.0000","0.0000","1","0","0","1","1.0000","1","0.0000","1","0","","1","0","1","1","0.0000","1","0","","","","","","","","","","","","","","","","","","","","","","","","","","",""
"","","","","","","","","","","/2/0/2011_abril_182.jpg","","","","","","","","","","","","","","","","","","","","","","","","","","","","","","","","","","","","","","","","","","","","","","",""
"3050","","colgantes","simple","Colgantes","base","Waka Waka.  Ref. 3050","/m/o/mod.waka-waka_ref.3050.jpg","/m/o/mod.waka-waka_ref.3050.jpg","/m/o/mod.waka-waka_ref.3050.jpg","/2/0/2011_abril_258_1.jpg","","0.0000","0.0000","1","0","0","1","1.0000","1","0.0000","1","0","","1","0","1","1","0.0000","1","0","","","","","","","","","","","","","","","","","","","","","","","","","","",""
"3051","","colgantes","simple","Colgantes","base","Africa.  Ref.3051","/m/o/mod.africa_ref.3051.jpg","/m/o/mod.africa_ref.3051.jpg","/m/o/mod.africa_ref.3051.jpg","/2/0/2011_abril_252_1.jpg","","0.0000","0.0000","1","0","0","1","1.0000","1","0.0000","1","0","","1","0","1","1","0.0000","1","0","","","","","","","","","","","","","","","","","","","","","","","","","","",""
"3047","","colgantes","simple","Colgantes","base","Hippy.  Ref.3047","/m/o/mod_hippy_ref.3047_24_.jpg","/m/o/mod_hippy_ref.3047_24_.jpg","/m/o/mod_hippy_ref.3047_24_.jpg","/2/0/2011_abril_186.jpg","","0.0000","0.0000","1","0","0","1","1.0000","1","0.0000","1","0","","1","0","1","1","0.0000","1","0","","","","","","","","","","","","","","","","","","","","","","","","","","",""
"","","","","","","","","","","/2/0/2011_abril_112.jpg","","","","","","","","","","","","","","","","","","","","","","","","","","","","","","","","","","","","","","","","","","","","","","",""
"2027","","colgantes","simple","Colgantes","base","Corazón Pirata.  Ref.2027","/m/o/mod.coraz_n_pirata_ref.2027.jpg","/m/o/mod.coraz_n_pirata_ref.2027.jpg","/m/o/mod.coraz_n_pirata_ref.2027.jpg","/m/o/mod.coraz_n_pirata_30_ref.2027.jpg","","0.0000","0.0000","1","0","0","1","1.0000","1","0.0000","1","0","","1","0","1","1","0.0000","1","0","","","","","","","","","","","","","","","","","","","","","","","","","","",""
"2024","","colgantes","simple","Colgantes","base","Tubos.  Ref.2024","/2/0/2011_enero_252_1.jpg","/2/0/2011_enero_252_1.jpg","/2/0/2011_enero_252_1.jpg","/2/0/2011_abril_097_1.jpg","","0.0000","0.0000","1","0","0","1","1.0000","1","0.0000","1","0","","1","0","1","1","0.0000","1","0","","","","","","","","","","","","","","","","","","","","","","","","","","",""
"3042","","colgantes","simple","Colgantes","base","El Tesoro Turquesa.  Ref.3042","/g/a/gargantilla_mod.tesoro_ref.3042_1.jpg","/g/a/gargantilla_mod.tesoro_ref.3042_1.jpg","/g/a/gargantilla_mod.tesoro_ref.3042_1.jpg","","","0.0000","0.0000","1","0","0","1","1.0000","1","0.0000","1","0","","1","0","1","1","0.0000","1","0","","","","","","","","","","","","","","","","","","","","","","","","","","",""
"3043","","colgantes","simple","Colgantes","base","El Tesoro Moneda.  Ref.3043","/g/a/gargantilla_mod.tesoro-moneda_ref.3043.jpg","/g/a/gargantilla_mod.tesoro-moneda_ref.3043.jpg","/g/a/gargantilla_mod.tesoro-moneda_ref.3043.jpg","/2/0/2011_abril_199.jpg","","0.0000","0.0000","1","0","0","1","1.0000","1","0.0000","1","0","","1","0","1","1","0.0000","1","0","","","","","","","","","","","","","","","","","","","","","","","","","","",""
"","","","","","","","","","","/2/0/2011_abril_134_1.jpg","","","","","","","","","","","","","","","","","","","","","","","","","","","","","","","","","","","","","","","","","","","","","","",""
"3044","","colgantes","simple","Colgantes","base","El Tesoro.  Ref.3044","/g/a/gargantilla_mod.tesoro_ref.3044.jpg","/g/a/gargantilla_mod.tesoro_ref.3044.jpg","/g/a/gargantilla_mod.tesoro_ref.3044.jpg","/2/0/2011_abril_197.jpg","","0.0000","0.0000","1","0","0","1","1.0000","1","0.0000","1","0","","1","0","1","1","0.0000","1","0","","","","","","","","","","","","","","","","","","","","","","","","","","",""
"","","","","","","","","","","/2/0/2011_abril_134_1_1.jpg","","","","","","","","","","","","","","","","","","","","","","","","","","","","","","","","","","","","","","","","","","","","","","",""
"3034","","colgantes","simple","Colgantes","base","Caracola.  Ref.3034","/2/0/2010_julio_aparejos_7_.jpg","/2/0/2010_julio_aparejos_7_.jpg","/2/0/2010_julio_aparejos_7_.jpg","/c/a/caracola_algod_n_ref_3034.jpg","","0.0000","0.0000","1","0","0","1","1.0000","1","0.0000","1","0","","1","0","1","1","0.0000","1","0","","","","","","","","","","","","","","","","","","","","","","","","","","",""
"3026","","colgantes","simple","Colgantes","base","Estrella Cuero.  Ref.3026","/e/s/estrella_nudo_ref.3026.jpg","/e/s/estrella_nudo_ref.3026.jpg","/e/s/estrella_nudo_ref.3026.jpg","/2/0/2011_abril_144.jpg","","0.0000","0.0000","1","0","0","1","1.0000","1","0.0000","1","0","","1","0","1","1","0.0000","1","0","","","","","","","","","","","","","","","","","","","","","","","","","","",""
"3027","","colgantes","simple","Colgantes","base","Navio.  Ref.3027","/g/a/gargantilla_mod.navio_ref.3027_1.jpg","/g/a/gargantilla_mod.navio_ref.3027_1.jpg","/g/a/gargantilla_mod.navio_ref.3027_1.jpg","","","0.0000","0.0000","1","0","0","1","1.0000","1","0.0000","1","0","","1","0","1","1","0.0000","1","0","","","","","","","","","","","","","","","","","","","","","","","","","","",""
"3031","","colgantes","simple","Colgantes","base","Tierra.  Ref.3031","/g/a/gargantilla_ref.3031.jpg","/g/a/gargantilla_ref.3031.jpg","/g/a/gargantilla_ref.3031.jpg","","","0.0000","0.0000","1","0","0","1","1.0000","1","0.0000","1","0","","1","0","1","1","0.0000","1","0","","","","","","","","","","","","","","","","","","","","","","","","","","",""
"3032","","colgantes","simple","Colgantes","base","Marte.  Ref.3032","/g/a/gargantilla_doble_vuelta_ref.3032.jpg","/g/a/gargantilla_doble_vuelta_ref.3032.jpg","/g/a/gargantilla_doble_vuelta_ref.3032.jpg","","","0.0000","0.0000","1","0","0","1","1.0000","1","0.0000","1","0","","1","0","1","1","0.0000","1","0","","","","","","","","","","","","","","","","","","","","","","","","","","",""
"3033","","colgantes","simple","Colgantes","base","Mano Fátima.  Ref.3033","/g/a/gargantilla_mano_fatima_ref.3033.jpg","/g/a/gargantilla_mano_fatima_ref.3033.jpg","/g/a/gargantilla_mano_fatima_ref.3033.jpg","/2/0/2011_abril_175.jpg","","0.0000","0.0000","1","0","0","1","1.0000","1","0.0000","1","0","","1","0","1","1","0.0000","1","0","","","","","","","","","","","","","","","","","","","","","","","","","","",""
"","","","","","","","","","","/2/0/2011_abril_142.jpg","","","","","","","","","","","","","","","","","","","","","","","","","","","","","","","","","","","","","","","","","","","","","","",""
"3038","","colgantes","simple","Colgantes","base","Kitty niña.  Ref.3038","/n/i/ni_a_algod_n_kitty_ref.3038mama_algod_n_kitty_ref.3037.jpg","/n/i/ni_a_algod_n_kitty_ref.3038mama_algod_n_kitty_ref.3037.jpg","/n/i/ni_a_algod_n_kitty_ref.3038mama_algod_n_kitty_ref.3037.jpg","","","0.0000","0.0000","1","0","0","1","1.0000","1","0.0000","1","0","","1","0","1","1","0.0000","1","0","","","","","","","","","","","","","","","","","","","","","","","","","","",""
"3037","","colgantes","simple","Colgantes","base","Kitty mamá.  Ref.3037","/n/i/ni_a_algod_n_kitty_ref.3038mama_algod_n_kitty_ref.3037_1.jpg","/n/i/ni_a_algod_n_kitty_ref.3038mama_algod_n_kitty_ref.3037_1.jpg","/n/i/ni_a_algod_n_kitty_ref.3038mama_algod_n_kitty_ref.3037_1.jpg","","","0.0000","0.0000","1","0","0","1","1.0000","1","0.0000","1","0","","1","0","1","1","0.0000","1","0","","","","","","","","","","","","","","","","","","","","","","","","","","",""
"3025","","colgantes","simple","Colgantes","base","Kitty cuero niña.  Ref.3025","/g/a/gargantilla_ni_a_kitty_cueroref.3025.jpg","/g/a/gargantilla_ni_a_kitty_cueroref.3025.jpg","/g/a/gargantilla_ni_a_kitty_cueroref.3025.jpg","","","0.0000","0.0000","1","0","0","1","1.0000","1","0.0000","1","0","","1","0","1","1","0.0000","1","0","","","","","","","","","","","","","","","","","","","","","","","","","","",""
"3029","","colgantes","simple","Colgantes","base","Mariposa Niña.  Ref.3029","/g/a/gargantilla_ni_a_ref.3029gargantilla_mujer_ref.3030_1.jpg","/g/a/gargantilla_ni_a_ref.3029gargantilla_mujer_ref.3030_1.jpg","/g/a/gargantilla_ni_a_ref.3029gargantilla_mujer_ref.3030_1.jpg","/2/0/2011_marzo_aparejos_-_048.jpg","","0.0000","0.0000","1","0","0","1","1.0000","1","0.0000","1","0","","1","0","1","1","0.0000","1","0","","","","","","","","","","","","","","","","","","","","","","","","","","",""
"","","","","","","","","","","/2/0/2011_enero_244.jpg","","","","","","","","","","","","","","","","","","","","","","","","","","","","","","","","","","","","","","","","","","","","","","",""
"","","","","","","","","","","/2/0/2011_abril_152_2.jpg","","","","","","","","","","","","","","","","","","","","","","","","","","","","","","","","","","","","","","","","","","","","","","",""
"3030","","colgantes","simple","Colgantes","base","Mariposa Mamá.  Ref.3030","/g/a/gargantilla_ni_a_ref.3029gargantilla_mujer_ref.3030_1_1.jpg","/g/a/gargantilla_ni_a_ref.3029gargantilla_mujer_ref.3030_1_1.jpg","/g/a/gargantilla_ni_a_ref.3029gargantilla_mujer_ref.3030_1_1.jpg","/2/0/2011_marzo_aparejos_-_048_1.jpg","","0.0000","0.0000","1","0","0","1","1.0000","1","0.0000","1","0","","1","0","1","1","0.0000","1","0","","","","","","","","","","","","","","","","","","","","","","","","","","",""
"","","","","","","","","","","/2/0/2011_enero_244_1.jpg","","","","","","","","","","","","","","","","","","","","","","","","","","","","","","","","","","","","","","","","","","","","","","",""
"","","","","","","","","","","/2/0/2011_abril_152_2_1.jpg","","","","","","","","","","","","","","","","","","","","","","","","","","","","","","","","","","","","","","","","","","","","","","",""
"3028","","colgantes","simple","Colgantes","base","Tubos Hombre.  Ref.3028","/g/a/gargantilla_hombreref._3028.jpg","/g/a/gargantilla_hombreref._3028.jpg","/g/a/gargantilla_hombreref._3028.jpg","","","0.0000","0.0000","1","0","0","1","1.0000","1","0.0000","1","0","","1","0","1","1","0.0000","1","0","","","","","","","","","","","","","","","","","","","","","","","","","","",""
"2014","","colgantes","simple","Colgantes","base","Zarpa.  Ref.2014","/2/0/2010_junio_587.jpg","/2/0/2010_junio_587.jpg","/2/0/2010_junio_587.jpg","","","0.0000","0.0000","1","0","0","1","1.0000","1","0.0000","1","0","","1","0","1","1","0.0000","1","0","","","","","","","","","","","","","","","","","","","","","","","","","","",""
"2013","","colgantes","simple","Colgantes","base","Puerta a la Paz.  Ref.2013","/c/o/collar_puerta_a_la_paz_ref.2013.jpg","/c/o/collar_puerta_a_la_paz_ref.2013.jpg","/c/o/collar_puerta_a_la_paz_ref.2013.jpg","","","0.0000","0.0000","1","0","0","1","1.0000","1","0.0000","1","0","","1","0","1","1","0.0000","1","0","","","","","","","","","","","","","","","","","","","","","","","","","","",""
"2011","","colgantes","simple","Colgantes","base","Fatima.  Ref.2011","/c/o/collar_ref.2011.jpg","/c/o/collar_ref.2011.jpg","/c/o/collar_ref.2011.jpg","","","0.0000","0.0000","1","0","0","1","1.0000","1","0.0000","1","0","","1","0","1","1","0.0000","1","0","","","","","","","","","","","","","","","","","","","","","","","","","","",""
"2012","","colgantes","simple","Colgantes","base","Esfera.  Ref.2012","/c/o/collar_esfera_ref.2012.jpg","/c/o/collar_esfera_ref.2012.jpg","/c/o/collar_esfera_ref.2012.jpg","","","0.0000","0.0000","1","0","0","1","1.0000","1","0.0000","1","0","","1","0","1","1","0.0000","1","0","","","","","","","","","","","","","","","","","","","","","","","","","","",""
"3024","","colgantes","simple","Colgantes","base","EL Sarguito.  Ref.3024","/g/a/gargantilla_mod.el_sarguito_ref.3024_1.jpg","/g/a/gargantilla_mod.el_sarguito_ref.3024_1.jpg","/g/a/gargantilla_mod.el_sarguito_ref.3024_1.jpg","/g/a/gargantilla_mod.el_sarguito_ref.3024.jpg","","0.0000","0.0000","1","0","0","1","1.0000","1","0.0000","1","0","","1","0","1","1","0.0000","1","0","","","","","","","","","","","","","","","","","","","","","","","","","","",""
"3023","","colgantes","simple","Colgantes","base","Eclipse.  Ref.3023","/g/a/gargantilla_ref.3023.jpg","/g/a/gargantilla_ref.3023.jpg","/g/a/gargantilla_ref.3023.jpg","","","0.0000","0.0000","1","0","0","1","1.0000","1","0.0000","1","0","","1","0","1","1","0.0000","1","0","","","","","","","","","","","","","","","","","","","","","","","","","","",""
"3022","","colgantes","simple","Colgantes","base","El Puerto Corazón.  Ref.3022","/2/0/2010_abril_420.jpg","/2/0/2010_abril_420.jpg","/2/0/2010_abril_420.jpg","/e/l/el_puerto_coraz_n_ref.3022.jpg","","0.0000","0.0000","1","0","0","1","1.0000","1","0.0000","1","0","","1","0","1","1","0.0000","1","0","","","","","","","","","","","","","","","","","","","","","","","","","","",""
"3018","","colgantes","simple","Colgantes","base","Tavira.  Ref.3018","/2/0/2011_marzo_aparejos_-_044.jpg","/2/0/2011_marzo_aparejos_-_044.jpg","/2/0/2011_marzo_aparejos_-_044.jpg","","","0.0000","0.0000","1","0","0","1","1.0000","1","0.0000","1","0","","1","0","1","1","0.0000","1","0","","","","","","","","","","","","","","","","","","","","","","","","","","",""
"3014","","colgantes","simple","Colgantes","base","Sajorami Moneda.  Ref.3014","/s/a/sajorami-moneda_ref.3014.jpg","/s/a/sajorami-moneda_ref.3014.jpg","/s/a/sajorami-moneda_ref.3014.jpg","","","0.0000","0.0000","1","0","0","1","1.0000","1","0.0000","1","0","","1","0","1","1","0.0000","1","0","","","","","","","","","","","","","","","","","","","","","","","","","","",""
"3015","","colgantes","simple","Colgantes","base","Sajorami Buda.  Ref.3015","/s/a/sajorami-buda_ref.3015.jpg","/s/a/sajorami-buda_ref.3015.jpg","/s/a/sajorami-buda_ref.3015.jpg","/2/0/2011_enero_249.jpg","","0.0000","0.0000","1","0","0","1","1.0000","1","0.0000","1","0","","1","0","1","1","0.0000","1","0","","","","","","","","","","","","","","","","","","","","","","","","","","",""
"","","","","","","","","","","/2/0/2011_enero_248.jpg","","","","","","","","","","","","","","","","","","","","","","","","","","","","","","","","","","","","","","","","","","","","","","",""
"3013","","colgantes","simple","Colgantes","base","El Puerto Moneda Cuero.  Ref.3013","/m/o/mod.el_puerto-moneda_ref.3013.jpg","/m/o/mod.el_puerto-moneda_ref.3013.jpg","/m/o/mod.el_puerto-moneda_ref.3013.jpg","","","0.0000","0.0000","1","0","0","1","1.0000","1","0.0000","1","0","","1","0","1","1","0.0000","1","0","","","","","","","","","","","","","","","","","","","","","","","","","","",""
"3011","","colgantes","simple","Colgantes","base","Romana.  Ref.3011","/r/e/ref.3011.jpg","/r/e/ref.3011.jpg","/r/e/ref.3011.jpg","/m/o/moneda_cueroref.3011.jpg","","0.0000","0.0000","1","0","0","1","1.0000","1","0.0000","1","0","","1","0","1","1","0.0000","1","0","","","","","","","","","","","","","","","","","","","","","","","","","","",""
"3010","","colgantes","simple","Colgantes","base","Tres Romanas.  Ref.3010","/2/0/2010febrero_106.jpg","/2/0/2010febrero_106.jpg","/2/0/2010febrero_106.jpg","","","0.0000","0.0000","1","0","0","1","1.0000","1","0.0000","1","0","","1","0","1","1","0.0000","1","0","","","","","","","","","","","","","","","","","","","","","","","","","","",""
"2009","","colgantes","simple","Colgantes","base","Isla Buda.  Ref.2009","/2/0/2011_mayo_008_1.jpg","/2/0/2011_mayo_008_1.jpg","/2/0/2011_mayo_008_1.jpg","","","0.0000","0.0000","1","0","0","1","1.0000","1","0.0000","1","0","","1","0","1","1","0.0000","1","0","","","","","","","","","","","","","","","","","","","","","","","","","","",""
"2008","","colgantes","simple","Colgantes","base","Isla Donut.  Ref.2008","/2/0/2011_mayo_001.jpg","/2/0/2011_mayo_001.jpg","/2/0/2011_mayo_001.jpg","","","0.0000","0.0000","1","0","0","1","1.0000","1","0.0000","1","0","","1","0","1","1","0.0000","1","0","","","","","","","","","","","","","","","","","","","","","","","","","","",""
"2007","","colgantes","simple","Colgantes","base","Isla Moneda.  Ref.2007","/2/0/2011_mayo_013.jpg","/2/0/2011_mayo_013.jpg","/2/0/2011_mayo_013.jpg","","","0.0000","0.0000","1","0","0","1","1.0000","1","0.0000","1","0","","1","0","1","1","0.0000","1","0","","","","","","","","","","","","","","","","","","","","","","","","","","",""
"2006","","colgantes","simple","Colgantes","base","Caballo Budas.  Ref.2006","/g/a/gargantilla_28e_ref.2006.jpg","/g/a/gargantilla_28e_ref.2006.jpg","/g/a/gargantilla_28e_ref.2006.jpg","","","0.0000","0.0000","1","0","0","1","1.0000","1","0.0000","1","0","","1","0","1","1","0.0000","1","0","","","","","","","","","","","","","","","","","","","","","","","","","","",""
"2005","","colgantes","simple","Colgantes","base","Caballo Hindú.  Ref.2005","/c/o/colgante_26e_ref.2005.jpg","/c/o/colgante_26e_ref.2005.jpg","/c/o/colgante_26e_ref.2005.jpg","","","0.0000","0.0000","1","0","0","1","1.0000","1","0.0000","1","0","","1","0","1","1","0.0000","1","0","","","","","","","","","","","","","","","","","","","","","","","","","","",""
"2004","","colgantes","simple","Colgantes","base","Buda Mar.  Ref.2004","/b/u/buda_marref.2004.jpg","/b/u/buda_marref.2004.jpg","/b/u/buda_marref.2004.jpg","/2/0/2010febrero_080.jpg","","0.0000","0.0000","1","0","0","1","1.0000","1","0.0000","1","0","","1","0","1","1","0.0000","1","0","","","","","","","","","","","","","","","","","","","","","","","","","","",""
"3001","","colgantes","simple","Colgantes","base","El Puerto Conil.  Ref.3001","/b/o/bolas_donuts_ref.3036.jpg","/b/o/bolas_donuts_ref.3036.jpg","/b/o/bolas_donuts_ref.3036.jpg","/2/0/2011_abril_147.jpg","","0.0000","0.0000","1","0","0","1","1.0000","1","0.0000","1","0","","1","0","1","1","0.0000","1","0","","","","","","","","","","","","","","","","","","","","","","","","","","",""
"3005","","colgantes","simple","Colgantes","base","El Estrecho.  Ref.3005","no_selection","no_selection","no_selection","/e/l/el_estrecho_ref.3005.jpg","","0.0000","0.0000","1","0","0","1","1.0000","1","0.0000","1","0","","1","0","1","1","0.0000","1","0","","","","","","","","","","","","","","","","","","","","","","","","","","",""
"3003","","colgantes","simple","Colgantes","base","El Puerto Moneda.  Ref.3003","/e/l/el_puerto_monedaref.3003.jpg","/e/l/el_puerto_monedaref.3003.jpg","/e/l/el_puerto_monedaref.3003.jpg","","","0.0000","0.0000","1","0","0","1","1.0000","1","0.0000","1","0","","1","0","1","1","0.0000","1","0","","","","","","","","","","","","","","","","","","","","","","","","","","",""
"2002","","colgantes","simple","Colgantes","base","La Marea.  Ref.2002","/c/o/collar_mod.la_marea_26e_ref.2002_1.jpg","/c/o/collar_mod.la_marea_26e_ref.2002_1.jpg","/c/o/collar_mod.la_marea_26e_ref.2002_1.jpg","","","0.0000","0.0000","1","0","0","1","1.0000","1","0.0000","1","0","","1","0","1","1","0.0000","1","0","","","","","","","","","","","","","","","","","","","","","","","","","","",""
"3002","","colgantes","simple","Colgantes","base","Sol de Poniente.  Ref.3002","/g/a/gargantilla_donut_2_nudos_ref.3020.jpg","/g/a/gargantilla_donut_2_nudos_ref.3020.jpg","/g/a/gargantilla_donut_2_nudos_ref.3020.jpg","","","0.0000","0.0000","1","0","0","1","1.0000","1","0.0000","1","0","","1","0","1","1","0.0000","1","0","","","","","","","","","","","","","","","","","","","","","","","","","","",""
"3021","","colgantes","simple","Colgantes","base","Moneda dos nudos.  Ref.3021","/g/a/gargantilla_moneda_2_nudos_ref.3021.jpg","/g/a/gargantilla_moneda_2_nudos_ref.3021.jpg","/g/a/gargantilla_moneda_2_nudos_ref.3021.jpg","/2/0/2011_abril_149.jpg","","0.0000","0.0000","1","0","0","1","1.0000","1","0.0000","1","0","","1","0","1","1","0.0000","1","0","","","","","","","","","","","","","","","","","","","","","","","","","","",""
"2010","","colgantes","simple","Colgantes","base","El Tablao.  Ref.2010","/m/o/mod.el_tablao_22e_ref.2010.jpg","/m/o/mod.el_tablao_22e_ref.2010.jpg","/m/o/mod.el_tablao_22e_ref.2010.jpg","","","0.0000","0.0000","1","0","0","1","1.0000","1","0.0000","1","0","","1","0","1","1","0.0000","1","0","","","","","","","","","","","","","","","","","","","","","","","","","","",""
"3039","","colgantes","simple","Colgantes","base","Amuleto Niño.  Ref.3039","no_selection","no_selection","no_selection","/2/0/2011_abril_190.jpg","","0.0000","0.0000","1","0","0","1","1.0000","1","0.0000","1","0","","1","0","1","1","0.0000","1","0","","","","","","","","","","","","","","","","","","","","","","","","","","",""
"","","","","","","","","","","/2/0/2011_abril_191.jpg","","","","","","","","","","","","","","","","","","","","","","","","","","","","","","","","","","","","","","","","","","","","","","",""
"5010","","anillos","simple","Anillos","base","Roche 1 pieza.  Ref.5010","/r/o/roche._252012e_2520ref.5020_252c_25209e_2520ref.5010.jpg","/r/o/roche._252012e_2520ref.5020_252c_25209e_2520ref.5010.jpg","/r/o/roche._252012e_2520ref.5020_252c_25209e_2520ref.5010.jpg","","","0.0000","0.0000","1","0","0","1","1.0000","1","0.0000","1","0","","1","0","1","1","0.0000","1","0","","","","","","","","","","","","","","","","","","","","","","","","","","",""
"Y016","","llaveros","simple","","base","Muestra Negro.  Ref.Y016","/2/0/2011_enero_237.jpg","/2/0/2011_enero_237.jpg","/2/0/2011_enero_237.jpg","/2/0/2011_enero_240_1.jpg","","0.0000","0.0000","1","0","0","1","1.0000","1","0.0000","1","0","","1","0","1","1","0.0000","1","0","","","","","","","","","","","","","","","","","","","","","","","","","","",""
"5011","","anillos","simple","Anillos","base","Roche 3 piezas.  Ref.5011","/r/o/roche._252012e_2520ref.5020_252c_25209e_2520ref.5010_1.jpg","/r/o/roche._252012e_2520ref.5020_252c_25209e_2520ref.5010_1.jpg","/r/o/roche._252012e_2520ref.5020_252c_25209e_2520ref.5010_1.jpg","","","0.0000","0.0000","1","0","0","1","1.0000","1","0.0000","1","0","","1","0","1","1","0.0000","1","0","","","","","","","","","","","","","","","","","","","","","","","","","","",""
"5007","","anillos","simple","Anillos","base","Sanlucar.  Ref.5007","/1/2/12e_2520ref.5007.jpg","/1/2/12e_2520ref.5007.jpg","/1/2/12e_2520ref.5007.jpg","/2/0/2011_marzo_aparejos_-_107.jpg","","0.0000","0.0000","1","0","0","1","1.0000","1","0.0000","1","0","","1","0","1","1","0.0000","1","0","","","","","","","","","","","","","","","","","","","","","","","","","","",""
"5009","","anillos","simple","Anillos","base","Trio.  Ref.5009","/1/2/12e_2520ref.5009.jpg","/1/2/12e_2520ref.5009.jpg","/1/2/12e_2520ref.5009.jpg","","","0.0000","0.0000","1","0","0","1","1.0000","1","0.0000","1","0","","1","0","1","1","0.0000","1","0","","","","","","","","","","","","","","","","","","","","","","","","","","",""
"5033","","anillos","simple","Anillos","base","Vueltas.  Ref.5033","/r/e/ref.5033.jpg","/r/e/ref.5033.jpg","/r/e/ref.5033.jpg","/2/0/2011_marzo_aparejos_-_109.jpg","","0.0000","0.0000","1","0","0","1","1.0000","1","0.0000","1","0","","1","0","1","1","0.0000","1","0","","","","","","","","","","","","","","","","","","","","","","","","","","",""
"5034","","anillos","simple","Anillos","base","Pepita.  Ref.5034","/r/e/ref.5034.jpg","/r/e/ref.5034.jpg","/r/e/ref.5034.jpg","/2/0/2011_marzo_aparejos_-_101.jpg","","0.0000","0.0000","1","0","0","1","1.0000","1","0.0000","1","0","","1","0","1","1","0.0000","1","0","","","","","","","","","","","","","","","","","","","","","","","","","","",""
"5008","","anillos","simple","Anillos","base","Punta Paloma.  Ref.5008","/p/u/punta_2520paloma_252012e_2520ref.5008.jpg","/p/u/punta_2520paloma_252012e_2520ref.5008.jpg","/p/u/punta_2520paloma_252012e_2520ref.5008.jpg","","","0.0000","0.0000","1","0","0","1","1.0000","1","0.0000","1","0","","1","0","1","1","0.0000","1","0","","","","","","","","","","","","","","","","","","","","","","","","","","",""
"5032","","anillos","simple","Anillos","base","Capitán.  Ref.5032","/r/e/ref.5032.jpg","/r/e/ref.5032.jpg","/r/e/ref.5032.jpg","/2/0/2011_marzo_aparejos_-_118.jpg","","0.0000","0.0000","1","0","0","1","1.0000","1","0.0000","1","0","","1","0","1","1","0.0000","1","0","","","","","","","","","","","","","","","","","","","","","","","","","","",""
"","","","","","","","","","","/2/0/2011_enero_250.jpg","","","","","","","","","","","","","","","","","","","","","","","","","","","","","","","","","","","","","","","","","","","","","","",""
"5001","","anillos","simple","Anillos","base","Cuadrado.  Ref.5001","/2/0/2011_2520marzo_2520aparejos_252c_2520027.jpg","/2/0/2011_2520marzo_2520aparejos_252c_2520027.jpg","/2/0/2011_2520marzo_2520aparejos_252c_2520027.jpg","/c/u/cuadrado_2520ref.5001_252c_252credondoref.5003_252c_2520bola_25205025.jpg","","0.0000","0.0000","1","0","0","1","1.0000","1","0.0000","1","0","","1","0","1","1","0.0000","1","0","","","","","","","","","","","","","","","","","","","","","","","","","","",""
"5003","","anillos","simple","Anillos","base","Bola.  Ref.5003","/2/0/2011_2520marzo_2520aparejos_252c_2520028.jpg","/2/0/2011_2520marzo_2520aparejos_252c_2520028.jpg","/2/0/2011_2520marzo_2520aparejos_252c_2520028.jpg","/c/u/cuadrado_2520ref.5001_252c_252credondoref.5003_252c_2520bola_25205025_1.jpg","","0.0000","0.0000","1","0","0","1","1.0000","1","0.0000","1","0","","1","0","1","1","0.0000","1","0","","","","","","","","","","","","","","","","","","","","","","","","","","",""
"5017","","anillos","simple","Anillos","base","Cuadrado Cuero.  Ref.5017","no_selection","no_selection","no_selection","","","0.0000","0.0000","1","0","0","1","1.0000","1","0.0000","1","0","","1","0","1","1","0.0000","1","0","","","","","","","","","","","","","","","","","","","","","","","","","","",""
"5019","","anillos","simple","Anillos","base","Buda.  Ref.5019","/r/e/ref.5019.jpg","/r/e/ref.5019.jpg","/r/e/ref.5019.jpg","","","0.0000","0.0000","1","0","0","1","1.0000","1","0.0000","1","0","","1","0","1","1","0.0000","1","0","","","","","","","","","","","","","","","","","","","","","","","","","","",""
"Y016-2","","llaveros","simple","Llaveros","base","Muestra Camel.  Ref.Y016-2","/2/0/2011_enero_239_1.jpg","/2/0/2011_enero_239_1.jpg","/2/0/2011_enero_239_1.jpg","","","0.0000","0.0000","1","0","0","1","1.0000","1","0.0000","1","0","","1","0","1","1","0.0000","1","0","","","","","","","","","","","","","","","","","","","","","","","","","","",""
"Y017","","llaveros","simple","Llaveros","base","Artista (pequeño).  Ref.Y017","/2/0/2011febrero_aparejos_blanco_063_2.jpg","/2/0/2011febrero_aparejos_blanco_063_2.jpg","/2/0/2011febrero_aparejos_blanco_063_2.jpg","/2/0/2011_enero_242_1.jpg","","0.0000","0.0000","1","0","0","1","1.0000","1","0.0000","1","0","","1","0","1","1","0.0000","1","0","","","","","","","","","","","","","","","","","","","","","","","","","","",""
"Y018","","llaveros","simple","Llaveros","base","Artista (grande).  Ref.Y018","/2/0/2011febrero_aparejos_blanco_063_1.jpg","/2/0/2011febrero_aparejos_blanco_063_1.jpg","/2/0/2011febrero_aparejos_blanco_063_1.jpg","/2/0/2011_enero_242_1_1.jpg","","0.0000","0.0000","1","0","0","1","1.0000","1","0.0000","1","0","","1","0","1","1","0.0000","1","0","","","","","","","","","","","","","","","","","","","","","","","","","","",""
"Y019","","llaveros","simple","Llaveros","base","Caracola.  Ref.Y019","/m/a/mano_ref.y020.jpg","/m/a/mano_ref.y020.jpg","/m/a/mano_ref.y020.jpg","","","0.0000","0.0000","1","0","0","1","1.0000","1","0.0000","1","0","","1","0","1","1","0.0000","1","0","","","","","","","","","","","","","","","","","","","","","","","","","","",""
"Y020","","llaveros","simple","Llaveros","base","Mano Fátima.  Ref.Y020","/m/a/mano_ref.y020_1.jpg","/m/a/mano_ref.y020_1.jpg","/m/a/mano_ref.y020_1.jpg","","","0.0000","0.0000","1","0","0","1","1.0000","1","0.0000","1","0","","1","0","1","1","0.0000","1","0","","","","","","","","","","","","","","","","","","","","","","","","","","",""
"Y000","","llaveros","simple","Llaveros","base","Lasca.  Ref.Y000","/2/0/2010_agosto_397.jpg","/2/0/2010_agosto_397.jpg","/2/0/2010_agosto_397.jpg","/m/o/mod.lascaref.y000franciscano_ref.y011llano_ref.y010.jpg","","0.0000","0.0000","1","0","0","1","1.0000","1","0.0000","1","0","","1","0","1","1","0.0000","1","0","","","","","","","","","","","","","","","","","","","","","","","","","","",""
"Y011","","llaveros","simple","Llaveros","base","Franciscano (izq.)  Ref.Y011","/2/0/2010_agosto_395.jpg","/2/0/2010_agosto_395.jpg","/2/0/2010_agosto_395.jpg","/m/o/mod.lascaref.y000franciscano_ref.y011llano_ref.y010_1.jpg","","0.0000","0.0000","1","0","0","1","1.0000","1","0.0000","1","0","","1","0","1","1","0.0000","1","0","","","","","","","","","","","","","","","","","","","","","","","","","","",""
"Y010","","llaveros","simple","Llaveros","base","Llano (dcha.)  Ref.Y010","/2/0/2010_agosto_395_1.jpg","/2/0/2010_agosto_395_1.jpg","/2/0/2010_agosto_395_1.jpg","/m/o/mod.lascaref.y000franciscano_ref.y011llano_ref.y010_1_1.jpg","","0.0000","0.0000","1","0","0","1","1.0000","1","0.0000","1","0","","1","0","1","1","0.0000","1","0","","","","","","","","","","","","","","","","","","","","","","","","","","",""
"Y0152","","llaveros","simple","Llaveros","base","Nudo.  Ref.Y0152","/m/o/mod.nudo_ref.y0152.jpg","/m/o/mod.nudo_ref.y0152.jpg","/m/o/mod.nudo_ref.y0152.jpg","","","0.0000","0.0000","1","0","0","1","1.0000","1","0.0000","1","0","","1","0","1","1","0.0000","1","0","","","","","","","","","","","","","","","","","","","","","","","","","","",""
"Y013","","llaveros","simple","Llaveros","base","Lío.  Ref.Y013","/r/e/ref.y013.jpg","/r/e/ref.y013.jpg","/r/e/ref.y013.jpg","","","0.0000","0.0000","1","0","0","1","1.0000","1","0.0000","1","0","","1","0","1","1","0.0000","1","0","","","","","","","","","","","","","","","","","","","","","","","","","","",""
"Y015","","llaveros","simple","Llaveros","base","Dos cabos.  Ref.Y015","no_selection","no_selection","no_selection","","","0.0000","0.0000","1","0","0","1","1.0000","1","0.0000","1","0","","1","0","1","1","0.0000","1","0","","","","","","","","","","","","","","","","","","","","","","","","","","",""
"Y014","","llaveros","simple","Llaveros","base","Tres cabos.  Ref.Y014","/t/r/tres_cabosref.y014.jpg","/t/r/tres_cabosref.y014.jpg","/t/r/tres_cabosref.y014.jpg","","","0.0000","0.0000","1","0","0","1","1.0000","1","0.0000","1","0","","1","0","1","1","0.0000","1","0","","","","","","","","","","","","","","","","","","","","","","","","","","",""
"M021","","llaveros","simple","Llaveros","base","Asa móvil o llavero.  Ref.M021","/2/0/2011_marzo_aparejos_-_099.jpg","/2/0/2011_marzo_aparejos_-_099.jpg","/2/0/2011_marzo_aparejos_-_099.jpg","/2/0/2011_marzo_aparejos_-_100.jpg","","0.0000","0.0000","1","0","0","1","1.0000","1","0.0000","1","0","","1","0","1","1","0.0000","1","0","","","","","","","","","","","","","","","","","","","","","","","","","","",""
"3052","","colgantes","simple","Colgantes","base","Artista.  Ref.3052","/j/u/junio_2011_041.jpg","/j/u/junio_2011_041.jpg","/j/u/junio_2011_041.jpg","/m/i/mikjiik_36_.jpg","","0.0000","0.0000","1","0","0","1","1.0000","1","0.0000","1","0","","1","0","1","1","0.0000","1","0","","","","","","","","","","","","","","","","","","","","","","","","","","",""
